TS,Service,Region,Cost_INR,Usage
2026-01-01,Ai,ap-south-1,15986.58,1789480.83
2026-01-01,Compute,us-east-1,54515.66,1441368.0
2026-01-01,Database,us-east-1,0.0,193.35
2026-01-01,Networking,us-east-1,59549.229999999996,1838184.6
2026-01-02,Ai,ap-south-1,7474.13,111.52
2026-01-02,Ai,us-east-1,16978.36,171.3
2026-01-02,Compute,ap-south-1,0.0,18201.0
2026-01-02,Database,us-east-1,41455.47,23022.0
2026-01-02,Networking,us-east-1,0.0,12141.6
2026-01-02,Storage,ap-south-1,4459.93,393008.08
2026-01-02,Storage,us-east-1,0.0,1686600.0
2026-01-03,Ai,ap-south-1,16967.31,735264.0
2026-01-03,Ai,us-east-1,50107.45,29337.699999999997
2026-01-03,Compute,ap-south-1,0.0,205.93
2026-01-03,Compute,us-east-1,28705.85,694404.0
2026-01-04,Compute,ap-south-1,20964.35,949608.0
2026-01-04,Compute,us-east-1,38513.8,1248708.87
2026-01-04,Database,us-east-1,34569.93,262.43
2026-01-04,Networking,us-east-1,32696.18,1866370.07
2026-01-04,Storage,us-east-1,135568.77000000002,1322959.96
2026-01-05,Ai,us-east-1,1057.99,41328.0
2026-01-05,Compute,us-east-1,0.0,21608.64
2026-01-05,Database,us-east-1,12894.47,29912.53
2026-01-05,Networking,us-east-1,30812.86,2010744.0
2026-01-05,Storage,ap-south-1,0.0,216.42
2026-01-05,Storage,us-east-1,10580.779999999999,2181279.34
2026-01-06,Ai,ap-south-1,0.0,242244.00000000003
2026-01-06,Ai,us-east-1,0.0,1765916.28
2026-01-06,Compute,ap-south-1,12302.97,26005.800000000003
2026-01-06,Database,us-east-1,0.0,3023928.0
2026-01-06,Networking,us-east-1,0.0,323.88
2026-01-06,Storage,ap-south-1,0.0,4692.0
2026-01-07,Ai,ap-south-1,90266.78,3047592.6
2026-01-07,Ai,us-east-1,60913.32,27327.6
2026-01-07,Database,ap-south-1,0.0,1470312.0
2026-01-07,Networking,us-east-1,5411.89,2524860.0
2026-01-07,Storage,us-east-1,41206.77,2072367.0
2026-01-08,Networking,ap-south-1,0.0,7558.2
2026-01-08,Networking,us-east-1,39707.8,677833.8
2026-01-09,Networking,us-east-1,12305.21,1019838.72
2026-01-10,Compute,us-east-1,31695.26,916920.0
2026-01-10,Database,ap-south-1,0.0,16.49
2026-01-10,Networking,ap-south-1,0.0,3971.4
2026-01-10,Networking,us-east-1,0.0,1667628.0
2026-01-11,Ai,us-east-1,26881.03,1817084.4
2026-01-11,Compute,ap-south-1,44611.65,17705.399999999998
2026-01-11,Compute,us-east-1,29876.6,1657809.2000000002
2026-01-11,Database,ap-south-1,0.0,101.76
2026-01-11,Networking,ap-south-1,0.0,14007.0
2026-01-11,Networking,us-east-1,9138.17,599156.63
2026-01-11,Storage,ap-south-1,2930.17,1972.8
2026-01-11,Storage,us-east-1,0.0,3366.6
2026-01-12,Networking,ap-south-1,10884.27,140.78
2026-01-12,Networking,us-east-1,6268.62,4101.22
2026-01-12,Storage,ap-south-1,18101.14,291.58
2026-01-12,Storage,us-east-1,0.0,23452.2
2026-01-13,Ai,us-east-1,7170.06,59.81
2026-01-13,Compute,us-east-1,0.0,11709.74
2026-01-13,Database,ap-south-1,58596.07,1658100.0
2026-01-13,Database,us-east-1,4744.35,3949.8
2026-01-14,Ai,us-east-1,17967.85,563991.0
2026-01-14,Compute,us-east-1,0.0,4326.0
2026-01-14,Database,ap-south-1,0.0,203760.0
2026-01-14,Networking,us-east-1,21338.06,362.74
2026-01-14,Storage,ap-south-1,63802.44,1587962.18
2026-01-15,Ai,ap-south-1,0.0,435852.6
2026-01-15,Ai,us-east-1,21434.53,2599.0899999999997
2026-01-15,Compute,ap-south-1,13066.77,428292.0
2026-01-15,Database,ap-south-1,0.0,3314.4
2026-01-15,Database,us-east-1,0.0,111210.6
2026-01-15,Networking,us-east-1,9688.77,20682.0
2026-01-16,Ai,ap-south-1,0.0,19558.800000000003
2026-01-16,Compute,ap-south-1,0.0,15831.6
2026-01-16,Compute,us-east-1,162863.34000000003,796787.38
2026-01-16,Database,us-east-1,29882.41,276.74
2026-01-16,Storage,us-east-1,61422.04,1851948.0
2026-01-17,Ai,ap-south-1,0.0,565776.6
2026-01-17,Networking,us-east-1,0.0,10704.6
2026-01-18,Compute,us-east-1,0.0,579672.0
2026-01-18,Database,us-east-1,0.0,9111.0
2026-01-18,Networking,us-east-1,38757.36,2130804.0
2026-01-19,Ai,ap-south-1,26885.34,331.29
2026-01-20,Ai,ap-south-1,1736.35,131004.0
2026-01-20,Ai,us-east-1,0.0,4154.4
2026-01-20,Compute,us-east-1,14570.07,140.93
2026-01-20,Database,us-east-1,0.0,38129.399999999994
2026-01-20,Networking,ap-south-1,0.0,466.35
2026-01-20,Networking,us-east-1,77072.97,26171.36
2026-01-20,Storage,ap-south-1,0.0,1774656.0
2026-01-21,Ai,us-east-1,29862.72,1572258.0
2026-01-21,Compute,us-east-1,9393.4,27298.800000000003
2026-01-21,Database,ap-south-1,70235.86,2681.35
2026-01-21,Database,us-east-1,19907.59,213.7
2026-01-22,Ai,us-east-1,0.0,344.84
2026-01-22,Compute,us-east-1,36496.57000000001,19300.620000000003
2026-01-22,Networking,us-east-1,40770.59,1304425.53
2026-01-23,Ai,us-east-1,18708.12,253.95000000000002
2026-01-23,Compute,ap-south-1,9725.36,4664.9800000000005
2026-01-23,Database,us-east-1,40008.47,1509650.48
2026-01-23,Networking,us-east-1,0.0,1758312.0
2026-01-23,Storage,ap-south-1,0.0,25920.0
2026-01-23,Storage,us-east-1,0.0,90396.0
2026-01-24,Ai,ap-south-1,0.0,1114.2
2026-01-24,Ai,us-east-1,17282.9,1771994.4
2026-01-24,Database,us-east-1,15628.74,2388564.0
2026-01-24,Networking,us-east-1,62249.62,1754590.8
2026-01-24,Storage,us-east-1,0.0,335.06
2026-01-25,Ai,us-east-1,61006.8,3194566.53
2026-01-25,Compute,ap-south-1,0.0,1733148.0
2026-01-25,Compute,us-east-1,51035.38,41841.0
2026-01-25,Database,us-east-1,73031.09,1642107.0
2026-01-27,Ai,ap-south-1,20460.65,499572.00000000006
2026-01-27,Ai,us-east-1,68909.76000000001,1714571.4
2026-01-27,Compute,us-east-1,33832.94,1918679.4
2026-01-27,Database,ap-south-1,7138.34,2961.0
2026-01-27,Networking,us-east-1,0.0,254.35
2026-01-27,Storage,us-east-1,0.0,10149.6
2026-01-28,Ai,us-east-1,0.0,388728.0
2026-01-28,Compute,us-east-1,0.0,20950.8
2026-01-28,Database,us-east-1,486.1,4.23
2026-01-28,Networking,us-east-1,12772.02,147.18
2026-01-28,Storage,ap-south-1,0.0,10314.0
2026-01-29,Compute,ap-south-1,0.0,490.2
2026-01-29,Networking,ap-south-1,36931.439999999995,24982.2
2026-01-29,Storage,ap-south-1,5290.85,231577.2
2026-01-29,Storage,us-east-1,10952.58,1743762.39
2026-01-30,Ai,ap-south-1,0.0,458.51
2026-01-30,Ai,us-east-1,0.0,160.79
2026-01-30,Database,ap-south-1,0.0,17594.4
2026-01-30,Database,us-east-1,23745.03,1400832.0
2026-01-30,Storage,ap-south-1,0.0,232.04
2026-01-31,Compute,us-east-1,24329.52,12744.6
2026-01-31,Database,ap-south-1,0.0,944712.0
2026-01-31,Database,us-east-1,0.0,10654.2
2026-01-31,Networking,us-east-1,22455.15,14919.0
2026-02-01,Compute,ap-south-1,400.13,469.49
2026-02-01,Networking,ap-south-1,27513.77,181.69
2026-02-01,Networking,us-east-1,0.0,34083972.0
2026-02-01,Storage,ap-south-1,0.0,1745460.0
2026-02-01,Storage,us-east-1,0.0,168.48
2026-02-02,Ai,ap-south-1,34499.72,1545791.4
2026-02-02,Ai,us-east-1,19706.36,342.38
2026-02-02,Compute,ap-south-1,0.0,246.12
2026-02-02,Compute,us-east-1,40745.06,1516536.0
2026-02-02,Database,us-east-1,24730.64,17177.7
2026-02-02,Networking,ap-south-1,0.0,25636.199999999997
2026-02-02,Networking,us-east-1,0.0,28959.6
2026-02-03,Compute,us-east-1,0.0,635458.2
2026-02-03,Database,us-east-1,0.0,44286.6
2026-02-03,Networking,ap-south-1,11343.67,26461.8
2026-02-03,Networking,us-east-1,62928.74,425.94
2026-02-03,Storage,ap-south-1,0.0,296941.56
2026-02-04,Compute,ap-south-1,0.0,15234.6
2026-02-04,Database,us-east-1,0.0,266.91
2026-02-04,Networking,ap-south-1,0.0,907956.0
2026-02-04,Storage,ap-south-1,0.0,19.14
2026-02-04,Storage,us-east-1,0.0,473.73
2026-02-05,Database,us-east-1,25466.33,678.4300000000001
2026-02-05,Networking,ap-south-1,33539.47,290.14
2026-02-05,Networking,us-east-1,17703.28,465732.0
2026-02-05,Storage,ap-south-1,1727.0,87.17
2026-02-05,Storage,us-east-1,42150.51,1160820.0
2026-02-06,Database,us-east-1,0.0,15033744.0
2026-02-06,Networking,ap-south-1,0.0,310.61
2026-02-06,Networking,us-east-1,0.0,589788.0
2026-02-07,Compute,us-east-1,52640.91,17187.34
2026-02-07,Database,us-east-1,32534.93,24382.2
2026-02-07,Networking,us-east-1,24324.64,1700028.0
2026-02-07,Storage,us-east-1,0.0,25115.4
2026-02-08,Compute,ap-south-1,0.0,7069.8
2026-02-08,Database,ap-south-1,0.0,365.1
2026-02-08,Database,us-east-1,0.0,311.69
2026-02-08,Storage,ap-south-1,12303.67,8331.6
2026-02-08,Storage,us-east-1,29939.69,55749.600000000006
2026-02-09,Ai,ap-south-1,391.47,13.5
2026-02-09,Ai,us-east-1,114606.35999999999,1634358.28
2026-02-09,Compute,us-east-1,1452747.63,36231876.0
2026-02-09,Database,us-east-1,0.0,20.54
2026-02-09,Networking,us-east-1,0.0,59400.0
2026-02-09,Storage,us-east-1,650873.63,34844074.99
2026-02-10,Ai,us-east-1,2131.32,56.11
2026-02-10,Compute,us-east-1,58557.21000000001,1187874.34
2026-02-10,Database,ap-south-1,0.0,152896.81
2026-02-11,Compute,ap-south-1,5571.43,963936.0
2026-02-11,Networking,us-east-1,0.0,1388586.6
2026-02-11,Storage,ap-south-1,0.0,312.91
2026-02-12,Ai,us-east-1,24446.45,1309075.2
2026-02-12,Compute,ap-south-1,5443.46,111.62
2026-02-12,Database,us-east-1,0.0,13669.8
2026-02-12,Networking,us-east-1,0.0,459000.0
2026-02-12,Storage,ap-south-1,33750.19,25555.2
2026-02-13,Ai,us-east-1,0.0,1436364.0
2026-02-13,Database,ap-south-1,0.0,4359.599999999999
2026-02-13,Networking,ap-south-1,19475.72,127.28
2026-02-13,Networking,us-east-1,92976.39,3529512.0
2026-02-14,Ai,ap-south-1,0.0,27415.2
2026-02-14,Ai,us-east-1,0.0,494.15
2026-02-14,Storage,us-east-1,12213.33,170.83
2026-02-15,Ai,us-east-1,37966.46,981504.0
2026-02-15,Compute,ap-south-1,0.0,1549908.0
2026-02-15,Compute,us-east-1,31502.95,2448735.58
2026-02-15,Database,ap-south-1,3700.01,8432.36
2026-02-15,Networking,ap-south-1,0.0,15993.6
2026-02-16,Ai,ap-south-1,55934.13,1507301.32
2026-02-16,Compute,ap-south-1,40252.14,25476.6
2026-02-16,Database,ap-south-1,11865.7,1056600.0
2026-02-16,Networking,ap-south-1,0.0,999072.0
2026-02-16,Storage,us-east-1,0.0,57.24
2026-02-17,Compute,ap-south-1,0.0,1030176.0
2026-02-17,Database,us-east-1,26718.77,1638144.0
2026-02-17,Networking,us-east-1,80724.27,1761598.5
2026-02-17,Storage,ap-south-1,35618.990000000005,11329.89
2026-02-18,Compute,ap-south-1,0.0,10901.4
2026-02-18,Compute,us-east-1,0.0,21814.8
2026-02-18,Database,us-east-1,35983.53,27409.8
2026-02-18,Networking,us-east-1,15518.27,771012.0
2026-02-18,Storage,us-east-1,15663.05,1281122.38
2026-02-19,Ai,ap-south-1,41065.3,1575216.0
2026-02-19,Ai,us-east-1,0.0,25530.0
2026-02-19,Compute,ap-south-1,11818.75,9689.4
2026-02-19,Compute,us-east-1,0.0,20937.6
2026-02-19,Networking,ap-south-1,0.0,1481004.0
2026-02-19,Networking,us-east-1,0.0,360154.8
2026-02-19,Storage,us-east-1,15961.29,1568268.0
2026-02-20,Ai,us-east-1,0.0,101.58
2026-02-20,Database,us-east-1,0.0,10234.8
2026-02-20,Networking,ap-south-1,30404.06,1447812.0
2026-02-20,Networking,us-east-1,0.0,483.39
2026-02-21,Compute,ap-south-1,0.0,6924.0
2026-02-21,Compute,us-east-1,71548.65,1021824.41
2026-02-21,Networking,us-east-1,0.0,1540368.0
2026-02-21,Storage,us-east-1,1886.7,14.18
2026-02-22,Ai,ap-south-1,0.0,16696.199999999997
2026-02-22,Compute,us-east-1,57330.59,476.24
2026-02-22,Database,ap-south-1,18419.02,25994.4
2026-02-22,Database,us-east-1,0.0,28360.8
2026-02-22,Networking,us-east-1,9647.5,302040.0
2026-02-23,Ai,us-east-1,60255.85,220193.07
2026-02-23,Database,us-east-1,9293.64,880956.0
2026-02-23,Storage,ap-south-1,43601.76,27705.6
2026-02-24,Ai,ap-south-1,0.0,709884.0
2026-02-24,Ai,us-east-1,0.0,1790953.2
2026-02-24,Database,ap-south-1,12317.69,161.56
2026-02-24,Database,us-east-1,0.0,29051.4
2026-02-25,Ai,ap-south-1,27701.42,12497.4
2026-02-25,Ai,us-east-1,15850.81,12537.0
2026-02-25,Compute,ap-south-1,36907.96,1711728.0
2026-02-25,Compute,us-east-1,218103.96,12231825.0
2026-02-25,Database,ap-south-1,18230.23,787824.0
2026-02-25,Networking,ap-south-1,6957.42,1299204.0
2026-02-25,Networking,us-east-1,12933.22,332352.0
2026-02-25,Storage,us-east-1,0.0,1245744.0
2026-02-26,Ai,ap-south-1,22170.22,18199.2
2026-02-26,Compute,ap-south-1,41493.46,1649691.0
2026-02-26,Compute,us-east-1,6646.83,1456597.2
2026-02-26,Database,ap-south-1,0.0,2425.2000000000003
2026-02-26,Networking,us-east-1,0.0,5.27
2026-02-26,Storage,us-east-1,8829.92,9011.4
2026-02-27,Ai,ap-south-1,28111.57,20344.2
2026-02-27,Compute,ap-south-1,0.0,398088.0
2026-02-27,Database,ap-south-1,0.0,12135.6
2026-02-27,Networking,us-east-1,0.0,959580.0
2026-02-28,Ai,ap-south-1,51042.59,18908.4
2026-02-28,Compute,us-east-1,32758.45,1279242.28
2026-02-28,Database,ap-south-1,6630.65,4988.4
2026-02-28,Database,us-east-1,11505.22,507635.99999999994
2026-02-28,Storage,ap-south-1,2779.57,4286.4
2026-03-01,Ai,ap-south-1,51673.04,2732707.91
2026-03-01,Ai,us-east-1,0.0,5448.0
2026-03-01,Compute,us-east-1,0.0,1422432.0
2026-03-01,Database,ap-south-1,13123.45,795600.0
2026-03-01,Database,us-east-1,36113.01,929952.0
2026-03-01,Networking,us-east-1,16663.57,5642.69
2026-03-02,Ai,ap-south-1,0.0,44.35
2026-03-02,Ai,us-east-1,10711.93,9173.4
2026-03-02,Database,us-east-1,43093.13,281.29
2026-03-03,Ai,us-east-1,37463.78,403.17
2026-03-03,Compute,us-east-1,0.0,9709806.0
2026-03-03,Database,ap-south-1,0.0,74.78
2026-03-03,Database,us-east-1,13657.39,2147112.0
2026-03-03,Networking,us-east-1,0.0,296383.8
2026-03-03,Storage,us-east-1,24874.28,264.78
2026-03-04,Ai,us-east-1,0.0,151.81
2026-03-04,Compute,us-east-1,0.0,70.98
2026-03-04,Database,ap-south-1,8104.01,9663.0
2026-03-04,Database,us-east-1,0.0,216.6
2026-03-04,Networking,us-east-1,0.0,4909.8
2026-03-05,Ai,us-east-1,0.0,47844.0
2026-03-05,Compute,ap-south-1,18555.64,420.16
2026-03-05,Compute,us-east-1,48630.31,1233504.0
2026-03-05,Database,ap-south-1,1078.3,3036.0
2026-03-05,Networking,ap-south-1,6855.78,3107.4
2026-03-06,Ai,ap-south-1,26766.97,11710.8
2026-03-06,Database,us-east-1,19356.93,758240.4
2026-03-06,Storage,us-east-1,58753.29,754.44
2026-03-07,Ai,ap-south-1,7532.28,3399.6
2026-03-07,Compute,ap-south-1,23677.74,17277.100000000002
2026-03-07,Compute,us-east-1,0.0,470880.00000000006
2026-03-07,Database,ap-south-1,42722.01,1108714.32
2026-03-07,Database,us-east-1,0.0,4158.6
2026-03-07,Networking,us-east-1,57885.62,2362248.0
2026-03-07,Storage,ap-south-1,13247.23,818373.39
2026-03-07,Storage,us-east-1,19416.89,1704168.0
2026-03-08,Ai,ap-south-1,6445.4,12401.4
2026-03-08,Database,us-east-1,42530.59,19038.0
2026-03-08,Storage,us-east-1,32024.53,53516.299999999996
2026-03-09,Ai,ap-south-1,2912.49,133422.0
2026-03-09,Ai,us-east-1,37511.4,2175500.87
2026-03-09,Networking,us-east-1,11775.89,195.64
2026-03-10,Ai,ap-south-1,21806.72,33516.6
2026-03-10,Ai,us-east-1,10131.86,4913.4
2026-03-10,Compute,us-east-1,1023.65,1477186.99
2026-03-10,Database,ap-south-1,38517.4,18153.6
2026-03-10,Networking,us-east-1,784.59,6.62
2026-03-11,Compute,us-east-1,14146.43,8997.689999999999
2026-03-11,Networking,us-east-1,8667.71,1811172.6
2026-03-12,Ai,us-east-1,11497.27,306442.19
2026-03-12,Compute,us-east-1,20535.74,19566.0
2026-03-12,Networking,us-east-1,0.0,841608.0
2026-03-12,Storage,us-east-1,0.0,4169.4
2026-03-13,Ai,ap-south-1,8302.83,520.1
2026-03-13,Ai,us-east-1,43588.43,26060.4
2026-03-13,Compute,ap-south-1,12057.55,117.79
2026-03-13,Compute,us-east-1,0.0,672.02
2026-03-13,Database,us-east-1,0.0,79.14
2026-03-13,Networking,us-east-1,0.0,51904.8
2026-03-13,Storage,us-east-1,53538.29,1862073.6
2026-03-14,Ai,us-east-1,3565.75,9658.8
2026-03-14,Compute,us-east-1,0.0,18594.0
2026-03-14,Database,ap-south-1,3787.19,10869.6
2026-03-14,Storage,ap-south-1,0.0,4060.8
2026-03-15,Ai,us-east-1,0.0,50.57
2026-03-15,Compute,us-east-1,19784.85,26920.57
2026-03-15,Database,us-east-1,16962.08,1275840.0
2026-03-15,Networking,ap-south-1,14840.79,238.31
2026-03-15,Networking,us-east-1,75470.63,598.49
2026-03-15,Storage,us-east-1,43570.62,19191.0
2026-03-16,Ai,us-east-1,5141.32,1359153.0
2026-03-16,Compute,ap-south-1,0.0,1764360.0
2026-03-16,Networking,ap-south-1,2891.03,2086.97
2026-03-16,Storage,us-east-1,78555.18,27879.6
2026-03-17,Ai,ap-south-1,27799.85,839232.0
2026-03-17,Ai,us-east-1,11443.27,336024.0
2026-03-17,Compute,us-east-1,0.0,432.01
2026-03-17,Database,ap-south-1,15848.42,714326.45
2026-03-17,Networking,ap-south-1,44019.56,27825.0
2026-03-17,Networking,us-east-1,0.0,450.32
2026-03-17,Storage,us-east-1,5125.69,153.41
2026-03-18,Ai,ap-south-1,0.0,126.22
2026-03-18,Ai,us-east-1,5096.83,8197.910000000002
2026-03-18,Compute,ap-south-1,0.0,3699.6
2026-03-18,Compute,us-east-1,33286.4,396648.05
2026-03-18,Database,ap-south-1,7635.3,3705.6
2026-03-18,Networking,ap-south-1,0.0,23871.82
2026-03-18,Networking,us-east-1,12733.73,24923.25
2026-03-19,Ai,us-east-1,64277.86,27938.4
2026-03-19,Compute,ap-south-1,0.0,1543896.0
2026-03-19,Compute,us-east-1,0.0,17698.2
2026-03-19,Database,us-east-1,0.0,1637208.0
2026-03-19,Networking,us-east-1,25455.510000000002,20825.980000000003
2026-03-19,Storage,ap-south-1,0.0,22509.0
2026-03-20,Ai,us-east-1,0.0,19250.4
2026-03-20,Database,us-east-1,0.0,3754.8
2026-03-20,Storage,us-east-1,166931.5,16370.1
2026-03-21,Ai,us-east-1,0.0,288.21
2026-03-21,Compute,us-east-1,91563.34,19643.149999999998
2026-03-21,Database,us-east-1,17159.62,753336.0
2026-03-21,Storage,us-east-1,54128.869999999995,502.76
2026-03-22,Ai,ap-south-1,9272.76,9090.0
2026-03-22,Ai,us-east-1,12356.06,112.79
2026-03-22,Database,us-east-1,0.0,10064.4
2026-03-22,Networking,ap-south-1,23768.85,1029564.0
2026-03-22,Storage,ap-south-1,0.0,215424.0
2026-03-22,Storage,us-east-1,0.0,1451924.6600000001
2026-03-23,Ai,ap-south-1,0.0,1262232.0
2026-03-23,Ai,us-east-1,0.0,569376.0
2026-03-23,Compute,us-east-1,21625.68,1315512.0
2026-03-23,Database,ap-south-1,0.0,12934.8
2026-03-23,Database,us-east-1,0.0,473.32
2026-03-24,Ai,us-east-1,0.0,1367028.0
2026-03-24,Compute,us-east-1,4829.42,167555.4
2026-03-24,Database,ap-south-1,1911.43,1336.2
2026-03-24,Networking,ap-south-1,16406.98,389488.38
2026-03-24,Networking,us-east-1,0.0,1672380.0
2026-03-25,Compute,ap-south-1,0.0,21838.800000000003
2026-03-25,Storage,ap-south-1,0.0,22347.6
2026-03-25,Storage,us-east-1,24103.64,371.11
2026-03-26,Compute,us-east-1,25419.63,726705.0700000001
2026-03-26,Database,ap-south-1,3764.96,8658.0
2026-03-26,Networking,ap-south-1,0.0,1498428.0
2026-03-26,Networking,us-east-1,0.0,265212.0
2026-03-26,Storage,ap-south-1,0.0,1416456.0
2026-03-26,Storage,us-east-1,16907.19,506575.79999999993
2026-03-27,Ai,us-east-1,0.0,60.75
2026-03-27,Compute,ap-south-1,0.0,23430.0
2026-03-27,Compute,us-east-1,39379.22,268.0
2026-03-27,Networking,ap-south-1,53510.56,574219.2
2026-03-27,Networking,us-east-1,0.0,1072756.06
2026-03-27,Storage,us-east-1,24461.69,193.2
2026-03-28,Ai,us-east-1,0.0,725796.0
2026-03-28,Compute,us-east-1,25796.85,3473.16
2026-03-28,Database,us-east-1,0.0,169027.2
2026-03-28,Networking,us-east-1,14043.7,29523.0
2026-03-28,Storage,ap-south-1,0.0,10992.6
2026-03-28,Storage,us-east-1,0.0,22368.6
2026-03-29,Ai,us-east-1,33662.75,1681.6799999999998
2026-03-29,Compute,us-east-1,0.0,557155.99
2026-03-29,Networking,us-east-1,17863.2,29287.38
2026-03-29,Storage,ap-south-1,0.0,488.84
2026-03-30,Compute,us-east-1,157726.78,435468.66000000003
2026-03-30,Database,us-east-1,0.0,434052.0
2026-03-30,Networking,ap-south-1,0.0,965103.43
2026-03-31,Ai,ap-south-1,52791.14,1680879.0
2026-03-31,Ai,us-east-1,0.0,834012.0
2026-03-31,Database,ap-south-1,21924.1,21802.8
2026-03-31,Networking,us-east-1,0.0,974520.0
2026-03-31,Storage,us-east-1,3863.26,131.75
2026-04-01,Compute,ap-south-1,0.0,545400.0
2026-04-01,Database,ap-south-1,28992.81,24042.6
2026-04-01,Database,us-east-1,27743.85,1088014.2
2026-04-01,Networking,us-east-1,0.0,7370.400000000001
2026-04-02,Ai,ap-south-1,30290.33,1196064.0
2026-04-02,Database,ap-south-1,0.0,1638203.4
2026-04-02,Database,us-east-1,0.0,416340.0
2026-04-02,Networking,us-east-1,2279.23,26.82
2026-04-03,Ai,ap-south-1,0.0,217296.0
2026-04-03,Ai,us-east-1,0.0,29735.4
2026-04-03,Compute,us-east-1,108.28,11188.8
2026-04-03,Networking,us-east-1,19582.84,9976.8
2026-04-03,Storage,ap-south-1,12507.49,136.22
2026-04-04,Ai,us-east-1,27472.35,19657.8
2026-04-04,Compute,ap-south-1,0.0,2202984.0
2026-04-04,Networking,ap-south-1,0.0,388188.0
2026-04-04,Networking,us-east-1,20157.96,22905.6
2026-04-04,Storage,us-east-1,8147.86,1116363.6
2026-04-05,Ai,us-east-1,29681.84,441129.0
2026-04-05,Database,ap-south-1,59101.14,547.0
2026-04-05,Database,us-east-1,0.0,14768.4
2026-04-05,Networking,ap-south-1,22725.63,12886.4
2026-04-05,Networking,us-east-1,0.0,22680.0
2026-04-06,Ai,us-east-1,17095.74,25541.04
2026-04-06,Compute,us-east-1,23395.72,14674.2
2026-04-06,Database,us-east-1,55853.25,26221.289999999997
2026-04-06,Networking,ap-south-1,8651.31,4400.400000000001
2026-04-06,Networking,us-east-1,22360.58,235.79
2026-04-07,Compute,ap-south-1,16435.12,432612.0
2026-04-07,Compute,us-east-1,42343.5,42803.57
2026-04-07,Database,us-east-1,40350.91,20233.800000000003
2026-04-07,Networking,us-east-1,0.0,4.57
2026-04-07,Storage,us-east-1,5038.23,23389.8
2026-04-08,Ai,us-east-1,22025.47,10852.2
2026-04-08,Compute,us-east-1,0.0,13045.2
2026-04-08,Database,ap-south-1,0.0,8547.0
2026-04-08,Database,us-east-1,0.0,262.45
2026-04-08,Networking,us-east-1,8491.89,1367382.0
2026-04-08,Storage,us-east-1,21171.95,1183622.14
2026-04-09,Ai,ap-south-1,0.0,19571.4
2026-04-09,Ai,us-east-1,6874.03,739702.1
2026-04-09,Compute,ap-south-1,41052.51,987552.0
2026-04-09,Database,ap-south-1,0.0,1022760.6
2026-04-09,Database,us-east-1,9962.7,648864.0
2026-04-09,Networking,ap-south-1,12305.18,1190196.0
2026-04-09,Storage,us-east-1,67623.28,11321.96
2026-04-10,Ai,ap-south-1,0.0,22400.4
2026-04-10,Compute,us-east-1,5348.83,1023948.0
2026-04-10,Database,ap-south-1,0.0,42452.4
2026-04-10,Networking,ap-south-1,1215.99,19.57
2026-04-10,Networking,us-east-1,25784.06,18793.2
2026-04-10,Storage,ap-south-1,0.0,1160748.0
2026-04-10,Storage,us-east-1,0.0,11649.0
2026-04-11,Ai,us-east-1,23667.81,29828.48
2026-04-11,Compute,us-east-1,572554.59,338991.0
2026-04-11,Networking,us-east-1,12722.62,505116.0
2026-04-12,Compute,ap-south-1,0.0,1463292.0
2026-04-12,Compute,us-east-1,33522.57,821772.0
2026-04-12,Networking,us-east-1,66356.69,21415.459999999995
2026-04-13,Compute,us-east-1,1805.26,429801.70999999996
2026-04-13,Database,us-east-1,0.0,268164.0
2026-04-13,Networking,ap-south-1,0.0,26632.8
2026-04-13,Networking,us-east-1,46990.6,4033764.0
2026-04-13,Storage,ap-south-1,15124.17,8199.6
2026-04-13,Storage,us-east-1,17782.92,1638300.09
2026-04-14,Ai,us-east-1,43228.42,359.92
2026-04-14,Compute,us-east-1,0.0,11.06
2026-04-14,Database,us-east-1,0.0,506.5
2026-04-14,Networking,ap-south-1,0.0,180.29
2026-04-14,Networking,us-east-1,1721.0,246000.6
2026-04-14,Storage,us-east-1,3826.72,11645.38
2026-04-15,Ai,ap-south-1,0.0,261.38
2026-04-15,Ai,us-east-1,71370.19,471188.7
2026-04-15,Compute,ap-south-1,0.0,58.6
2026-04-15,Compute,us-east-1,55877.409999999996,2536459.95
2026-04-15,Database,ap-south-1,67714.11,27636.6
2026-04-15,Networking,ap-south-1,0.0,247.05
2026-04-15,Storage,us-east-1,19494.43,839097.0
2026-04-16,Ai,ap-south-1,12153.98,462203.99999999994
2026-04-16,Compute,us-east-1,0.0,306.77
2026-04-16,Database,us-east-1,3436.47,11511.6
2026-04-16,Storage,ap-south-1,0.0,87.3
2026-04-17,Database,ap-south-1,0.0,1226772.0
2026-04-17,Database,us-east-1,0.0,398.39
2026-04-17,Networking,ap-south-1,10684.44,674676.0
2026-04-17,Storage,ap-south-1,26014.64,23887.2
2026-04-17,Storage,us-east-1,832.56,20124.0
2026-04-18,Ai,ap-south-1,0.0,8149.2
2026-04-18,Compute,us-east-1,52798.89,391.72
2026-04-18,Database,us-east-1,0.0,12514.2
2026-04-18,Storage,us-east-1,124793.16,19722780.0
2026-04-19,Ai,us-east-1,0.0,27279.19
2026-04-19,Compute,ap-south-1,73010.31,27456.0
2026-04-19,Compute,us-east-1,0.0,113.4
2026-04-19,Networking,ap-south-1,44803.48,437.08
2026-04-19,Storage,us-east-1,68227.66,476.53
2026-04-20,Ai,us-east-1,2774.63,140032.8
2026-04-20,Compute,us-east-1,85681.54,1337369.4
2026-04-20,Database,us-east-1,0.0,28189.199999999997
2026-04-21,Ai,ap-south-1,21283.7,496.38
2026-04-21,Ai,us-east-1,0.0,12846.0
2026-04-21,Compute,us-east-1,11532.71,820462.2
2026-04-21,Database,us-east-1,6306.07,146.68
2026-04-21,Networking,ap-south-1,0.0,1134367.31
2026-04-21,Networking,us-east-1,47473.9,24090.820000000003
2026-04-21,Storage,ap-south-1,80220.8,762.27
2026-04-21,Storage,us-east-1,0.0,228.48
2026-04-22,Compute,us-east-1,0.0,423.14
2026-04-22,Networking,ap-south-1,1210.1,140472.0
2026-04-22,Networking,us-east-1,679311.75,1157476.51
2026-04-23,Ai,ap-south-1,34548.78,23166.0
2026-04-23,Ai,us-east-1,45855.67,31732.199999999997
2026-04-23,Compute,ap-south-1,0.0,435672.0
2026-04-23,Compute,us-east-1,2140.9,57.82
2026-04-23,Networking,us-east-1,29862.95,627190.2
2026-04-23,Storage,ap-south-1,0.0,1767364.8
2026-04-23,Storage,us-east-1,0.0,124.49
2026-04-24,Ai,ap-south-1,63362.3,1499225.3
2026-04-24,Database,us-east-1,0.0,19555.8
2026-04-24,Networking,ap-south-1,62370.08,26226.149999999998
2026-04-24,Storage,ap-south-1,1264.33,78768.0
2026-04-24,Storage,us-east-1,13765.5,2112267.74
2026-04-25,Ai,ap-south-1,0.0,531756.0
2026-04-25,Ai,us-east-1,0.0,1204671.97
2026-04-25,Networking,ap-south-1,1220.4,1532.4
2026-04-25,Networking,us-east-1,45224.909999999996,1831027.71
2026-04-26,Ai,ap-south-1,0.0,5990.38
2026-04-26,Ai,us-east-1,0.0,320.46
2026-04-26,Compute,us-east-1,68243.40000000001,26955.410000000003
2026-04-26,Database,us-east-1,57664.09,642.8299999999999
2026-04-26,Networking,us-east-1,0.0,1223820.0
2026-04-26,Storage,us-east-1,8891.77,788575.8
2026-04-27,Compute,ap-south-1,0.0,248904.0
2026-04-27,Storage,ap-south-1,4902.77,188.60999999999999
2026-04-28,Ai,us-east-1,15531.65,40911.88
2026-04-28,Compute,us-east-1,13041.42,8355.0
2026-04-28,Networking,ap-south-1,44539.33,22206.7
2026-04-28,Networking,us-east-1,35219.130000000005,419340.6
2026-04-28,Storage,us-east-1,54967.51,1364544.0
2026-04-29,Ai,ap-south-1,1677.52,20.8
2026-04-29,Ai,us-east-1,17186.53,525158.65
2026-04-29,Compute,ap-south-1,0.0,417.48
2026-04-29,Networking,us-east-1,0.0,44977.8
2026-04-30,Compute,ap-south-1,0.0,147.53
2026-04-30,Database,ap-south-1,14222.51,464184.0
2026-04-30,Database,us-east-1,0.0,27764.4
2026-04-30,Networking,us-east-1,9130.01,235188.0
2026-04-30,Storage,ap-south-1,2581.23,61020.0
2026-04-30,Storage,us-east-1,12223.39,196.93
2026-05-01,Ai,ap-south-1,6664.48,2629.2
2026-05-01,Ai,us-east-1,0.0,1672236.0
2026-05-01,Database,ap-south-1,0.0,5008.2
2026-05-01,Database,us-east-1,42049.77,25675.8
2026-05-01,Networking,ap-south-1,0.0,129321.6
2026-05-01,Storage,ap-south-1,0.0,369.86
2026-05-01,Storage,us-east-1,79345.01999999999,34850.12
2026-05-02,Compute,ap-south-1,0.0,6521.4
2026-05-02,Compute,us-east-1,52521.05,395.42
2026-05-02,Storage,ap-south-1,0.0,18648.6
2026-05-02,Storage,us-east-1,0.0,1412748.0
2026-05-03,Ai,us-east-1,20858.76,2310156.0
2026-05-03,Database,us-east-1,30049.71,396.34
2026-05-03,Networking,us-east-1,0.0,17788.2
2026-05-03,Storage,ap-south-1,0.0,785448.0
2026-05-03,Storage,us-east-1,0.0,462.7
2026-05-04,Ai,us-east-1,20956.33,34332.0
2026-05-04,Compute,us-east-1,30062.370000000003,1719864.0
2026-05-04,Database,ap-south-1,29046.85,271.87
2026-05-04,Database,us-east-1,22712.92,181.84
2026-05-04,Storage,us-east-1,0.0,1236.6
2026-05-05,Ai,ap-south-1,2789.83,6381.6
2026-05-05,Ai,us-east-1,8485.36,6663.11
2026-05-05,Compute,ap-south-1,23932.09,1451235.0
2026-05-05,Database,us-east-1,0.0,125100.0
2026-05-05,Networking,ap-south-1,0.0,11256012.0
2026-05-05,Storage,ap-south-1,0.0,355.24
2026-05-06,Ai,us-east-1,0.0,1470310.8
2026-05-06,Compute,ap-south-1,9286.28,256.42
2026-05-06,Compute,us-east-1,7551.78,13566.71
2026-05-06,Database,ap-south-1,0.0,1487088.0
2026-05-06,Networking,us-east-1,25486.63,258.94
2026-05-07,Ai,us-east-1,8675.51,8013.6
2026-05-07,Storage,ap-south-1,48229.64,1034104.93
2026-05-07,Storage,us-east-1,4704.82,565632.0
2026-05-08,Compute,us-east-1,49354.15,638.65
2026-05-08,Database,ap-south-1,5778.66,203.32
2026-05-08,Networking,us-east-1,580.94,86544.0
2026-05-08,Storage,ap-south-1,19775.89,799020.0
2026-05-08,Storage,us-east-1,0.0,361.32
2026-05-09,Ai,us-east-1,203340.94,4514.32
2026-05-09,Compute,ap-south-1,16457.89,141.84
2026-05-09,Database,ap-south-1,26654.09,945540.0
2026-05-09,Database,us-east-1,14132.76,367740.0
2026-05-09,Storage,ap-south-1,14462.63,65359.200000000004
2026-05-09,Storage,us-east-1,13057.9,469.6
2026-05-10,Ai,ap-south-1,0.0,94212.0
2026-05-10,Ai,us-east-1,30089.4,670426.2
2026-05-10,Compute,ap-south-1,40220.44,7130.48
2026-05-10,Database,ap-south-1,0.0,1769508.0
2026-05-10,Networking,us-east-1,14826.45,432.01
2026-05-10,Storage,ap-south-1,126672.88,2205.16
2026-05-10,Storage,us-east-1,30209.379999999997,141950.4
2026-05-11,Compute,us-east-1,53430.71,28240.600000000002
2026-05-11,Database,ap-south-1,40791.29,288.84
2026-05-11,Networking,ap-south-1,0.0,5790.7
2026-05-11,Networking,us-east-1,0.0,173.73
2026-05-11,Storage,ap-south-1,22560.85,982906.8
2026-05-12,Ai,ap-south-1,9552.46,85.35
2026-05-12,Ai,us-east-1,0.0,99.19
2026-05-12,Compute,us-east-1,0.0,108432.0
2026-05-12,Database,us-east-1,1476.83,34861.94
2026-05-12,Networking,us-east-1,8176.1,5514.599999999999
2026-05-12,Storage,ap-south-1,0.0,1584432.0
2026-05-12,Storage,us-east-1,11357.33,639612.0
2026-05-13,Ai,us-east-1,0.0,350.82
2026-05-13,Compute,us-east-1,0.0,121.9
2026-05-13,Networking,ap-south-1,34469.99,15301.2
2026-05-13,Networking,us-east-1,0.0,441.37
2026-05-13,Storage,ap-south-1,12544.4,11427.0
2026-05-13,Storage,us-east-1,18865.75,6956.4
2026-05-14,Ai,ap-south-1,0.0,606312.0
2026-05-14,Compute,ap-south-1,29506.87,453.35
2026-05-14,Database,ap-south-1,14034.75,48538.2
2026-05-14,Storage,us-east-1,21756.75,1084968.0
2026-05-15,Ai,us-east-1,0.0,679266.89
2026-05-15,Database,us-east-1,18908.2,527305.11
2026-05-15,Networking,ap-south-1,11624.08,411012.0
2026-05-15,Storage,ap-south-1,4280.84,2416.8
2026-05-16,Ai,us-east-1,51849.47,38775.0
2026-05-16,Compute,ap-south-1,24721.26,262.19
2026-05-16,Compute,us-east-1,25015.43,203552.4
2026-05-16,Database,ap-south-1,0.0,60948.0
2026-05-16,Database,us-east-1,61092.11,2072700.0
2026-05-16,Networking,ap-south-1,0.0,282.07
2026-05-16,Networking,us-east-1,68751.21,1692088.1
2026-05-16,Storage,ap-south-1,40548.72,890172.0
2026-05-17,Ai,ap-south-1,52264.03,460.52
2026-05-17,Compute,us-east-1,42657.33,26328.129999999997
2026-05-17,Storage,ap-south-1,28966.55,198.57
2026-05-18,Ai,ap-south-1,0.0,484952.7700000001
2026-05-18,Ai,us-east-1,13664.99,1013220.0
2026-05-18,Database,us-east-1,22885.49,568.11
2026-05-18,Networking,ap-south-1,47662.8,1059840.0
2026-05-18,Storage,us-east-1,0.0,801.87
2026-05-19,Ai,us-east-1,11173.62,1049300.44
2026-05-19,Networking,us-east-1,24507.59,29245.199999999997
2026-05-19,Storage,us-east-1,29261.69,12418.2
2026-05-20,Ai,us-east-1,0.0,3.38
2026-05-20,Compute,us-east-1,0.0,102.18
2026-05-20,Networking,ap-south-1,51076.01,404.28
2026-05-20,Networking,us-east-1,0.0,494.34
2026-05-20,Storage,us-east-1,0.0,21096.0
2026-05-21,Ai,us-east-1,19528.29,403.88
2026-05-21,Compute,ap-south-1,0.0,20533.800000000003
2026-05-21,Compute,us-east-1,0.0,24042.0
2026-05-21,Database,us-east-1,4193.44,15068.33
2026-05-21,Networking,ap-south-1,0.0,400.84
2026-05-21,Networking,us-east-1,5962.29,725364.0
2026-05-21,Storage,ap-south-1,0.0,1041588.61
2026-05-21,Storage,us-east-1,24975.98,23934.0
2026-05-22,Database,us-east-1,20400.98,147.91
2026-05-22,Networking,ap-south-1,70001.54,14234.62
2026-05-22,Storage,ap-south-1,0.0,192.36
2026-05-22,Storage,us-east-1,0.0,17997.6
2026-05-23,Ai,ap-south-1,0.0,229.94
2026-05-23,Ai,us-east-1,1267496.87,523780.8000000001
2026-05-23,Compute,ap-south-1,0.0,12005.4
2026-05-23,Database,us-east-1,32766.44,14927.51
2026-05-23,Networking,us-east-1,0.0,164.94
2026-05-24,Ai,ap-south-1,44670.25,1004111.04
2026-05-24,Ai,us-east-1,0.0,432.49
2026-05-24,Compute,ap-south-1,981.92,550.8
2026-05-24,Compute,us-east-1,0.0,17068.48
2026-05-24,Database,us-east-1,57295.83,1808864.4
2026-05-24,Networking,us-east-1,3184.87,8886.0
2026-05-25,Ai,ap-south-1,11729.75,156.28
2026-05-25,Database,us-east-1,17871.07,990386.4
2026-05-25,Storage,ap-south-1,0.0,342.58
2026-05-26,Compute,us-east-1,0.0,30127.34
2026-05-26,Database,ap-south-1,0.0,437.42
2026-05-26,Networking,ap-south-1,13054.92,660996.0
2026-05-26,Networking,us-east-1,0.0,11588.4
2026-05-26,Storage,us-east-1,1548.62,14.44
2026-05-27,Ai,us-east-1,9876.78,31020.600000000002
2026-05-27,Database,ap-south-1,27415.22,932724.0
2026-05-27,Database,us-east-1,7006.36,262080.0
2026-05-27,Networking,us-east-1,0.0,22842.0
2026-05-27,Storage,us-east-1,0.0,6895.2
2026-05-28,Ai,us-east-1,68305.48,486.28
2026-05-28,Compute,us-east-1,2230.43,1792.8
2026-05-28,Database,ap-south-1,5277.83,7148.4
2026-05-28,Database,us-east-1,61208.71,494080.17
2026-05-28,Networking,us-east-1,13147.22,10982.609999999999
2026-05-28,Storage,us-east-1,0.0,272376.0
2026-05-29,Database,ap-south-1,16916.13,16009.8
2026-05-29,Networking,ap-south-1,35717.64,1703052.0
2026-05-29,Networking,us-east-1,16754.26,929592.0
2026-05-29,Storage,ap-south-1,46845.5,328.61
2026-05-30,Ai,ap-south-1,0.0,255.0
2026-05-30,Compute,us-east-1,9257.36,16242.6
2026-05-30,Database,us-east-1,4601.4,276516.0
2026-05-30,Networking,us-east-1,16670.63,112.63
2026-05-30,Storage,ap-south-1,30258.87,1291140.0
2026-05-31,Ai,us-east-1,72427.2,1779218.91
2026-05-31,Compute,us-east-1,0.0,35.76
2026-05-31,Networking,us-east-1,0.0,20035.2
2026-06-01,Ai,ap-south-1,0.0,657439.96
2026-06-01,Compute,ap-south-1,38002.87,24838.800000000003
2026-06-01,Database,us-east-1,53450.7,26476.28
2026-06-01,Networking,us-east-1,0.0,8997.0
2026-06-01,Storage,ap-south-1,0.0,1001304.0
2026-06-01,Storage,us-east-1,0.0,9075636.0
2026-06-02,Ai,ap-south-1,37349.76,406.48
2026-06-02,Compute,ap-south-1,0.0,351.24
2026-06-02,Compute,us-east-1,56532.89,27630.059999999998
2026-06-02,Database,ap-south-1,51047.07000000001,631.8199999999999
2026-06-02,Networking,us-east-1,0.0,20113.2
2026-06-02,Storage,us-east-1,48228.59,338.41
2026-06-03,Ai,ap-south-1,2644.15,2051.3999999999996
2026-06-03,Compute,us-east-1,17843.1,776128.2
2026-06-03,Database,ap-south-1,15533.3,4284.22
2026-06-03,Database,us-east-1,0.0,463210.61000000004
2026-06-03,Networking,us-east-1,195509.09,18796.379999999997
2026-06-03,Storage,ap-south-1,0.0,109087.8
2026-06-03,Storage,us-east-1,47866.83,156610.2
2026-06-04,Ai,us-east-1,5088.74,162068.4
2026-06-04,Database,us-east-1,0.0,264.07
2026-06-04,Storage,us-east-1,123346.6,73821.29000000001
2026-06-05,Ai,us-east-1,0.0,231.88
2026-06-05,Compute,us-east-1,0.0,1738224.0
2026-06-05,Networking,ap-south-1,136669.18,912363.0
2026-06-05,Storage,us-east-1,0.0,56988.0
2026-06-06,Ai,us-east-1,55355.89,398.33
2026-06-06,Compute,us-east-1,4860.59,150.82
2026-06-06,Networking,ap-south-1,11282.67,136.42
2026-06-06,Storage,us-east-1,0.0,366336.0
2026-06-07,Ai,ap-south-1,23978.75,536392.7999999999
2026-06-07,Ai,us-east-1,6841.23,167.44
2026-06-07,Compute,ap-south-1,0.0,1668096.0
2026-06-07,Compute,us-east-1,19415.96,1955099.49
2026-06-07,Database,us-east-1,48490.13,421.63
2026-06-08,Ai,ap-south-1,0.0,1165896.0
2026-06-08,Ai,us-east-1,0.0,59667.340000000004
2026-06-08,Compute,us-east-1,0.0,82671.59999999999
2026-06-08,Database,ap-south-1,0.0,1410552.0
2026-06-08,Storage,us-east-1,19161.95,192424.85
2026-06-09,Ai,ap-south-1,0.0,11.85
2026-06-09,Compute,ap-south-1,20915.54,12334.8
2026-06-09,Compute,us-east-1,0.0,784728.0
2026-06-09,Database,ap-south-1,36298.24,1269612.0
2026-06-09,Database,us-east-1,48722.37,27897.6
2026-06-09,Networking,ap-south-1,0.0,73.3
2026-06-09,Networking,us-east-1,0.0,62.52
2026-06-09,Storage,us-east-1,0.0,4107.599999999999
2026-06-10,Compute,ap-south-1,0.0,949068.0
2026-06-10,Compute,us-east-1,74839.51,1780920.0
2026-06-10,Networking,us-east-1,24759.73,1649776.48
2026-06-10,Storage,ap-south-1,0.0,50271.0
2026-06-10,Storage,us-east-1,17965.32,28815.6
2026-06-11,Ai,ap-south-1,75420.96,28820.4
2026-06-11,Ai,us-east-1,0.0,7623.0
2026-06-11,Compute,ap-south-1,0.0,610.13
2026-06-11,Compute,us-east-1,0.0,787104.0
2026-06-11,Database,us-east-1,69000.71,455.59
2026-06-11,Networking,ap-south-1,0.0,74880.0
2026-06-11,Networking,us-east-1,24504.69,4380.629999999999
2026-06-11,Storage,ap-south-1,1938.65,1699.8
2026-06-11,Storage,us-east-1,0.0,1964848.2
2026-06-12,Ai,us-east-1,26664.48,2032308.0
2026-06-12,Storage,ap-south-1,37670.56,1514419.2
2026-06-13,Compute,us-east-1,0.0,852951.96
2026-06-13,Database,ap-south-1,70498.23,25197.0
2026-06-13,Database,us-east-1,29068.289999999997,2166686.12
2026-06-13,Networking,ap-south-1,189.49,4.56
2026-06-13,Networking,us-east-1,93608.9,261602.4
2026-06-13,Storage,us-east-1,84123.28,1342044.86
2026-06-14,Ai,us-east-1,8867.38,131251.8
2026-06-14,Compute,us-east-1,18321.53,24820.2
2026-06-14,Networking,us-east-1,0.0,118.01
2026-06-15,Ai,us-east-1,48553.93,17740.2
2026-06-15,Compute,ap-south-1,0.0,11550996.0
2026-06-15,Compute,us-east-1,0.0,281.56
2026-06-15,Database,ap-south-1,22988.91,175.04
2026-06-15,Networking,us-east-1,212359.22999999998,3635834.46
2026-06-15,Storage,us-east-1,59419.2,1056792.56
2026-06-16,Ai,us-east-1,7828.64,102.12
2026-06-16,Compute,us-east-1,0.0,1657975.8
2026-06-16,Database,us-east-1,73063.75,15918.970000000001
2026-06-16,Networking,ap-south-1,0.0,1366274.4
2026-06-16,Networking,us-east-1,0.0,882252.0
2026-06-16,Storage,ap-south-1,9872.68,1367275.24
2026-06-16,Storage,us-east-1,0.0,762840.0
2026-06-17,Ai,us-east-1,5967.62,340920.0
2026-06-17,Database,ap-south-1,0.0,1735056.0
2026-06-17,Database,us-east-1,35348.06,1633017.28
2026-06-17,Networking,us-east-1,43016.95,1297745.4000000001
2026-06-17,Storage,ap-south-1,5342.72,128232.0
2026-06-18,Ai,ap-south-1,0.0,25684.8
2026-06-18,Ai,us-east-1,15769.58,413748.0
2026-06-18,Compute,us-east-1,0.0,299622.6
2026-06-18,Database,us-east-1,29067.86,19773.0
2026-06-18,Networking,ap-south-1,0.0,23583.600000000002
2026-06-18,Networking,us-east-1,0.0,17662.2
2026-06-18,Storage,us-east-1,0.0,303.83
2026-06-19,Compute,ap-south-1,19433.55,7012.799999999999
2026-06-19,Compute,us-east-1,31999.3,1792260.0
2026-06-19,Networking,us-east-1,28521.78,1507586.49
2026-06-20,Compute,us-east-1,0.0,379.21
2026-06-20,Database,us-east-1,0.0,17392.2
2026-06-20,Networking,us-east-1,0.0,12565.2
2026-06-20,Storage,us-east-1,59239.17,22975.2
2026-06-21,Ai,us-east-1,38229.82,13317.029999999999
2026-06-21,Compute,ap-south-1,9869.72,297972.0
2026-06-21,Compute,us-east-1,38753.17,1274056.06
2026-06-21,Database,us-east-1,8688.52,3991.2
2026-06-21,Storage,us-east-1,23857.63,2443860.0
2026-06-22,Ai,ap-south-1,16383.16,869623.2
2026-06-22,Compute,ap-south-1,5893.44,37.91
2026-06-22,Networking,us-east-1,70437.67,6377052.6
2026-06-22,Storage,ap-south-1,0.0,9155.54
2026-06-22,Storage,us-east-1,0.0,1499220.0
2026-06-23,Storage,us-east-1,0.0,16902.6
2026-06-24,Compute,ap-south-1,1651.57,817.08
2026-06-24,Compute,us-east-1,42282.63,26853.6
2026-06-24,Networking,us-east-1,0.0,1450260.0
2026-06-25,Ai,ap-south-1,6602.08,282.81
2026-06-25,Ai,us-east-1,0.0,831563.3300000001
2026-06-25,Compute,ap-south-1,0.0,44.83
2026-06-25,Compute,us-east-1,1266.97,29638.079999999998
2026-06-25,Database,ap-south-1,73.99,129.0
2026-06-25,Networking,ap-south-1,0.0,396.42
2026-06-25,Networking,us-east-1,49931.71,2671524.0
2026-06-25,Storage,ap-south-1,94118.82999999999,30261.68
2026-06-26,Ai,us-east-1,0.0,21877.429999999997
2026-06-26,Compute,ap-south-1,45056.0,334.78
2026-06-26,Compute,us-east-1,0.0,25008.6
2026-06-26,Networking,us-east-1,0.0,371.23
2026-06-27,Compute,ap-south-1,20660.16,10167.6
2026-06-27,Compute,us-east-1,22583.0,8156.999999999999
2026-06-27,Networking,ap-south-1,478.16,75564.0
2026-06-27,Networking,us-east-1,44785.619999999995,1564032.31
2026-06-28,Database,us-east-1,34733.8,24357.6
2026-06-28,Networking,ap-south-1,13125.49,175.86
2026-06-28,Networking,us-east-1,3846.39,602249.4
2026-06-28,Storage,ap-south-1,0.0,190.11
2026-06-29,Compute,us-east-1,0.0,1455840.0
2026-06-29,Database,ap-south-1,0.0,26020.2
2026-06-29,Database,us-east-1,0.0,347.89
2026-06-29,Networking,us-east-1,0.0,17228.399999999998
2026-06-29,Storage,us-east-1,26647.29,922.52
2026-06-30,Ai,us-east-1,15392.21,45529.799999999996
2026-06-30,Networking,us-east-1,37558.22,1019369.4
2026-06-30,Storage,us-east-1,40317.93,678223.49
2026-07-01,Ai,us-east-1,51423.93,25038.059999999998
2026-07-01,Compute,us-east-1,0.0,1410048.0
2026-07-01,Storage,ap-south-1,14372.12,561917.67
2026-07-01,Storage,us-east-1,25362.13,170.94
2026-07-02,Ai,us-east-1,19701.129999999997,816953.1
2026-07-02,Compute,us-east-1,41601.869999999995,1684882.2
2026-07-02,Database,us-east-1,28412.21,1301436.0
2026-07-02,Networking,us-east-1,29409.3,7027.379999999999
2026-07-02,Storage,us-east-1,97330.63,72938.26
2026-07-03,Ai,us-east-1,25758.29,20382.6
2026-07-03,Networking,us-east-1,0.0,155088.0
2026-07-03,Storage,us-east-1,0.0,189.07
2026-07-04,Ai,us-east-1,6038.05,488629.2
2026-07-04,Compute,ap-south-1,0.0,191032.8
2026-07-04,Compute,us-east-1,17483.44,433.25
2026-07-04,Database,ap-south-1,17154.51,197.93
2026-07-04,Storage,us-east-1,10940.72,28155.0
2026-07-05,Ai,ap-south-1,16141.14,1489104.0
2026-07-05,Compute,us-east-1,409.9,648.81
2026-07-05,Database,us-east-1,45311.94,1022025.6
2026-07-05,Networking,ap-south-1,18885.03,16392.6
2026-07-05,Networking,us-east-1,0.0,241.56
2026-07-05,Storage,ap-south-1,0.0,477.56
2026-07-05,Storage,us-east-1,0.0,7472.400000000001
2026-07-06,Ai,ap-south-1,0.0,1617444.0
2026-07-06,Ai,us-east-1,0.0,302.54
2026-07-06,Compute,us-east-1,17876.2,12800.470000000001
2026-07-06,Database,us-east-1,0.0,26553.6
2026-07-06,Networking,us-east-1,0.0,158.06
2026-07-06,Storage,us-east-1,0.0,422496.0
2026-07-07,Compute,us-east-1,0.0,13456.8
2026-07-08,Ai,us-east-1,41035.93,1096272.0
2026-07-08,Database,ap-south-1,0.0,874872.0
2026-07-08,Storage,ap-south-1,0.0,494.39
2026-07-09,Ai,ap-south-1,0.0,264.9
2026-07-09,Ai,us-east-1,0.0,1043962.8
2026-07-09,Compute,ap-south-1,0.0,1166031.78
2026-07-09,Database,us-east-1,17030.99,210.18
2026-07-09,Networking,us-east-1,16711.79,1716588.0
2026-07-09,Storage,us-east-1,1597.77,11112.0
2026-07-10,Ai,us-east-1,6016.35,24691.2
2026-07-10,Compute,ap-south-1,0.0,38.21
2026-07-10,Database,ap-south-1,5892.37,4617.0
2026-07-10,Database,us-east-1,69558.05,1616832.0
2026-07-10,Storage,us-east-1,0.0,395.37
2026-07-11,Compute,ap-south-1,0.0,12458.4
2026-07-11,Compute,us-east-1,0.0,254.15
2026-07-11,Database,us-east-1,0.0,946068.37
2026-07-11,Networking,ap-south-1,28218.48,300.28
2026-07-11,Networking,us-east-1,0.0,180.89
2026-07-11,Storage,ap-south-1,24784.63,28509.6
2026-07-11,Storage,us-east-1,153.77,486.6
2026-07-12,Ai,us-east-1,39985.53,751092.81
2026-07-12,Database,us-east-1,0.0,22653.0
2026-07-12,Networking,ap-south-1,111143.42000000001,46021.32
2026-07-12,Networking,us-east-1,32140.29,41745.6
2026-07-12,Storage,us-east-1,26991.72,322.96
2026-07-13,Ai,us-east-1,0.0,442.15
2026-07-13,Compute,us-east-1,61581.13,1569600.0
2026-07-13,Database,us-east-1,21283.48,892555.8
2026-07-13,Networking,ap-south-1,39291.66,1741005.0
2026-07-13,Storage,us-east-1,845726.8099999999,584333.3999999999
2026-07-14,Ai,us-east-1,30281.27,23968.2
2026-07-14,Compute,us-east-1,0.0,10397.4
2026-07-14,Database,ap-south-1,58663.43,487.43
2026-07-14,Database,us-east-1,0.0,10655.4
2026-07-14,Networking,us-east-1,9833.57,5508.6
2026-07-14,Storage,ap-south-1,39984.93,454259.29
2026-07-15,Compute,us-east-1,14190.66,1463832.0
2026-07-15,Database,ap-south-1,7826.77,663480.0
2026-07-15,Networking,ap-south-1,0.0,9005.4
2026-07-15,Networking,us-east-1,28183.38,290156.59
2026-07-15,Storage,ap-south-1,47348.44,24951.0
2026-07-16,Compute,us-east-1,19235.31,459.71
2026-07-16,Database,us-east-1,0.0,107892.0
2026-07-16,Networking,us-east-1,58183.41,1710000.0
2026-07-16,Storage,us-east-1,0.0,11369.810000000001
2026-07-17,Database,ap-south-1,65487.52,1612692.0
2026-07-17,Database,us-east-1,12550.0,24202.2
2026-07-17,Networking,ap-south-1,93261.9,3790249.82
2026-07-17,Storage,ap-south-1,0.0,336.07
2026-07-17,Storage,us-east-1,3239.56,1645535.4
2026-07-18,Ai,ap-south-1,0.0,31530708.000000004
2026-07-18,Ai,us-east-1,0.0,13840992.0
2026-07-18,Compute,us-east-1,0.0,351.77
2026-07-18,Database,us-east-1,11346.98,1752948.0
2026-07-18,Storage,us-east-1,0.0,9642.0
2026-07-19,Ai,ap-south-1,12083.53,491.53
2026-07-19,Ai,us-east-1,0.0,16384.2
2026-07-19,Database,us-east-1,10378.77,3500.4
2026-07-19,Networking,us-east-1,0.0,1258956.0
2026-07-19,Storage,ap-south-1,6427.09,451656.0
2026-07-19,Storage,us-east-1,0.0,21301.8
2026-07-20,Compute,ap-south-1,0.0,17.44
2026-07-20,Compute,us-east-1,30690.57,488.47
2026-07-20,Database,us-east-1,0.0,190234.16999999998
2026-07-20,Networking,ap-south-1,0.0,395856.0
2026-07-20,Storage,ap-south-1,0.0,6672.599999999999
2026-07-21,Ai,us-east-1,0.0,253908.0
2026-07-21,Compute,us-east-1,26281.06,21465.82
2026-07-21,Database,ap-south-1,36876.82,779976.0
2026-07-21,Database,us-east-1,65169.92,1659780.0
2026-07-21,Networking,us-east-1,44037.18,2965166.4
2026-07-21,Storage,us-east-1,1051.71,145.18
2026-07-22,Ai,ap-south-1,0.0,11443.2
2026-07-22,Ai,us-east-1,6093.44,124.93
2026-07-22,Compute,us-east-1,77474.8,639781.8
2026-07-22,Database,us-east-1,46836.03,383.24
2026-07-22,Storage,ap-south-1,26917.67,161.62
2026-07-22,Storage,us-east-1,22558.3,2093747.12
2026-07-23,Ai,ap-south-1,0.0,1519992.0
2026-07-23,Ai,us-east-1,72124.02,13651.61
2026-07-23,Compute,ap-south-1,32290.15,13569.05
2026-07-23,Compute,us-east-1,8138.23,109.81
2026-07-23,Database,ap-south-1,23647.52,594720.0
2026-07-23,Database,us-east-1,50594.01,24151.8
2026-07-23,Networking,us-east-1,3506.46,15753.070000000002
2026-07-24,Compute,ap-south-1,0.0,181692.0
2026-07-24,Compute,us-east-1,0.0,197.93
2026-07-24,Networking,us-east-1,0.0,378648.0
2026-07-25,Ai,us-east-1,0.0,1652472.0
2026-07-25,Compute,ap-south-1,66223.99,35320.2
2026-07-25,Compute,us-east-1,445.92,15145938.2
2026-07-25,Database,us-east-1,432465.48,423612.6
2026-07-25,Networking,ap-south-1,14357.72,1646071.8
2026-07-25,Storage,ap-south-1,10264.82,25775.87
2026-07-25,Storage,us-east-1,0.0,1297188.0
2026-07-26,Compute,ap-south-1,0.0,184.48
2026-07-26,Networking,us-east-1,224.29,39317.4
2026-07-27,Ai,us-east-1,0.0,16931.4
2026-07-27,Database,ap-south-1,0.0,23088060.0
2026-07-27,Database,us-east-1,10564.71,443.05
2026-07-27,Networking,ap-south-1,0.0,94.68
2026-07-27,Networking,us-east-1,37007.12,844596.0
2026-07-27,Storage,ap-south-1,535.19,277.2
2026-07-27,Storage,us-east-1,0.0,28896.6
2026-07-28,Ai,us-east-1,0.0,266.91
2026-07-28,Compute,ap-south-1,15405.39,2041920.0
2026-07-28,Compute,us-east-1,0.0,103308.0
2026-07-28,Database,us-east-1,0.0,156917.25
2026-07-28,Storage,us-east-1,36782.5,16381.2
2026-07-29,Compute,ap-south-1,0.0,11236.2
2026-07-29,Compute,us-east-1,41845.9,1528992.0
2026-07-29,Database,ap-south-1,0.0,9367.8
2026-07-29,Database,us-east-1,0.0,328.71
2026-07-29,Networking,ap-south-1,0.0,29667.6
2026-07-29,Storage,us-east-1,22393.35,591971.4
2026-07-30,Ai,ap-south-1,128015.06,1976160.0
2026-07-30,Compute,us-east-1,0.0,398.30999999999995
2026-07-30,Database,us-east-1,0.0,4638.0
2026-07-30,Storage,ap-south-1,3570.79,126864.0
2026-07-30,Storage,us-east-1,0.0,247.33
2026-07-31,Ai,ap-south-1,16396.44,989244.0
2026-07-31,Ai,us-east-1,0.0,9566.4
2026-07-31,Compute,us-east-1,13048.33,1210464.0
2026-07-31,Database,us-east-1,4142.8,17640658.2
2026-08-01,Ai,ap-south-1,0.0,210.81
2026-08-01,Compute,us-east-1,0.0,262.02
2026-08-01,Database,us-east-1,43525.92,1552075.2
2026-08-01,Networking,ap-south-1,24768.62,1768850.22
2026-08-01,Networking,us-east-1,0.0,3690.0
2026-08-01,Storage,us-east-1,0.0,23524.16
2026-08-02,Ai,ap-south-1,69091.72,29908.170000000002
2026-08-02,Ai,us-east-1,12137.7,144.28
2026-08-02,Compute,us-east-1,97662.87,4546383.79
2026-08-02,Database,ap-south-1,1068.08,31176.0
2026-08-02,Database,us-east-1,0.0,2894.1899999999996
2026-08-02,Networking,us-east-1,27144.22,1389168.0
2026-08-03,Database,us-east-1,0.0,108.22
2026-08-03,Networking,ap-south-1,24963.48,1714635.76
2026-08-03,Networking,us-east-1,0.0,19498.2
2026-08-04,Ai,us-east-1,16118.31,799.78
2026-08-04,Compute,ap-south-1,0.0,141732.0
2026-08-04,Compute,us-east-1,9049.34,240.75
2026-08-04,Database,us-east-1,0.0,1519552.08
2026-08-04,Networking,ap-south-1,0.0,14645.4
2026-08-04,Networking,us-east-1,44170.98,303.99
2026-08-04,Storage,us-east-1,0.0,5144.4
2026-08-05,Ai,ap-south-1,613.27,144828.0
2026-08-05,Ai,us-east-1,0.0,70.48
2026-08-05,Compute,ap-south-1,13741.29,532656.0
2026-08-05,Compute,us-east-1,0.0,9841.74
2026-08-05,Storage,ap-south-1,0.0,1522656.0
2026-08-06,Compute,ap-south-1,4324.26,42.39
2026-08-06,Compute,us-east-1,6277.51,161.83
2026-08-06,Database,ap-south-1,3065.68,187.82
2026-08-06,Networking,ap-south-1,436225.99,480502.7900000001
2026-08-06,Networking,us-east-1,25152.89,242.70999999999998
2026-08-06,Storage,us-east-1,0.0,129.57
2026-08-07,Ai,us-east-1,0.0,1142964.0
2026-08-07,Compute,ap-south-1,0.0,17314.8
2026-08-07,Compute,us-east-1,0.0,15150.6
2026-08-07,Database,us-east-1,40421.83,2160988.8
2026-08-07,Networking,ap-south-1,11403.46,257.7
2026-08-07,Storage,us-east-1,46388.39,300.92
2026-08-08,Ai,ap-south-1,2489.12,133.88
2026-08-08,Compute,ap-south-1,21686.0,8047.200000000001
2026-08-08,Compute,us-east-1,0.0,27345.0
2026-08-08,Database,ap-south-1,0.0,1158408.0
2026-08-08,Networking,us-east-1,16723.73,1343872.2
2026-08-09,Ai,us-east-1,46176.71,377098.69
2026-08-09,Compute,us-east-1,195472.26,218021.4
2026-08-09,Networking,ap-south-1,34055.84,1225440.0
2026-08-09,Storage,ap-south-1,0.0,153360.0
2026-08-09,Storage,us-east-1,0.0,257.54
2026-08-10,Ai,ap-south-1,0.0,27646.199999999997
2026-08-10,Networking,ap-south-1,0.0,1324944.0
2026-08-10,Storage,us-east-1,10064.68,1353282.0
2026-08-11,Storage,ap-south-1,29581.43,21913.2
2026-08-12,Ai,ap-south-1,10634.85,4553.4
2026-08-12,Ai,us-east-1,1201.88,3196.2000000000003
2026-08-12,Networking,ap-south-1,27404.13,21201.239999999998
2026-08-13,Ai,us-east-1,0.0,5784.0
2026-08-13,Database,ap-south-1,487.89,13180.8
2026-08-13,Networking,ap-south-1,22461.89,438288.13
2026-08-13,Networking,us-east-1,4992.67,143100.0
2026-08-14,Compute,ap-south-1,14329.46,9126.6
2026-08-14,Compute,us-east-1,0.0,25363.2
2026-08-14,Database,us-east-1,8263.720000000001,500575.8
2026-08-14,Networking,ap-south-1,14421.87,406800.0
2026-08-14,Networking,us-east-1,4582.4,8671.800000000001
2026-08-14,Storage,ap-south-1,0.0,1264896.0
2026-08-15,Ai,us-east-1,0.0,474119.99999999994
2026-08-15,Compute,ap-south-1,6228.72,15845.399999999998
2026-08-15,Compute,us-east-1,7996.05,88.07
2026-08-15,Database,us-east-1,0.0,109008.0
2026-08-15,Networking,ap-south-1,0.0,288.17
2026-08-15,Networking,us-east-1,66332.85,2021148.0
2026-08-15,Storage,ap-south-1,0.0,56.58
2026-08-16,Ai,us-east-1,78266.93,1577881.8
2026-08-16,Compute,ap-south-1,0.0,144.78
2026-08-16,Database,us-east-1,638382.4199999999,14692142.4
2026-08-17,Ai,us-east-1,36046.44,1475604.0
2026-08-17,Compute,us-east-1,68025.54,457.85
2026-08-17,Database,us-east-1,32292.91,3522099.09
2026-08-17,Networking,us-east-1,3548.65,1681.8000000000002
2026-08-18,Compute,ap-south-1,12817.96,21873.0
2026-08-18,Compute,us-east-1,4101.66,806304.35
2026-08-18,Database,us-east-1,0.0,200052.0
2026-08-18,Storage,us-east-1,7225.12,339516.0
2026-08-19,Compute,us-east-1,56552.36,866.15
2026-08-19,Database,us-east-1,0.0,15727.74
2026-08-19,Networking,ap-south-1,0.0,2388.0
2026-08-19,Networking,us-east-1,28118.18,11292.009999999998
2026-08-20,Ai,ap-south-1,0.0,366.23
2026-08-20,Compute,ap-south-1,0.0,419.4
2026-08-20,Compute,us-east-1,32244.06,1691712.0
2026-08-20,Database,ap-south-1,0.0,2043.0
2026-08-20,Database,us-east-1,0.0,70740.0
2026-08-20,Networking,ap-south-1,4913.11,6399.599999999999
2026-08-20,Networking,us-east-1,108455.27,59673.6
2026-08-20,Storage,ap-south-1,46891.2,747526.2
2026-08-20,Storage,us-east-1,1742.15,1461.6
2026-08-21,Ai,ap-south-1,10700.86,284652.0
2026-08-21,Ai,us-east-1,24019.05,985176.38
2026-08-21,Compute,ap-south-1,30880.93,78868.8
2026-08-21,Database,us-east-1,0.0,16557.1
2026-08-21,Networking,us-east-1,12986.49,5216.87
2026-08-21,Storage,us-east-1,24159.19,1779840.0
2026-08-22,Ai,ap-south-1,0.0,1020132.0
2026-08-22,Ai,us-east-1,0.0,523368.0
2026-08-22,Compute,us-east-1,1665.2,24.25
2026-08-22,Storage,ap-south-1,13374.99,60850.2
2026-08-22,Storage,us-east-1,1119484.3199999998,28989936.0
2026-08-23,Ai,ap-south-1,1248618.39,8059.09
2026-08-23,Database,us-east-1,0.0,14161.58
2026-08-23,Networking,ap-south-1,0.0,1279260.0
2026-08-23,Networking,us-east-1,97507.01000000001,32898.04
2026-08-23,Storage,us-east-1,18300.37,35788.2
2026-08-24,Ai,ap-south-1,0.0,439.66
2026-08-24,Database,us-east-1,1229.45,1635.0
2026-08-24,Networking,ap-south-1,22132.02,4571658.0
2026-08-24,Networking,us-east-1,13775.2,1853316.0
2026-08-24,Storage,ap-south-1,0.0,1765044.0
2026-08-24,Storage,us-east-1,0.0,449.92
2026-08-25,Ai,us-east-1,18885.23,2093508.0
2026-08-25,Database,us-east-1,3879.36,3644.7999999999997
2026-08-25,Storage,us-east-1,0.0,181.55
2026-08-26,Ai,us-east-1,14130.64,29236.199999999997
2026-08-26,Networking,ap-south-1,23926.82,715932.0
2026-08-26,Networking,us-east-1,39666.85,29656.200000000004
2026-08-27,Ai,us-east-1,0.0,14287.88
2026-08-27,Compute,us-east-1,0.0,1198692.0
2026-08-27,Database,ap-south-1,27177.55,957024.0
2026-08-27,Storage,us-east-1,0.0,23494.8
2026-08-28,Ai,us-east-1,108728.83,1780099.21
2026-08-28,Database,us-east-1,24718.14,250.99
2026-08-28,Networking,us-east-1,14343.6,202.45
2026-08-28,Storage,ap-south-1,0.0,451.34
2026-08-28,Storage,us-east-1,0.0,1453212.0
2026-08-29,Ai,us-east-1,0.0,16.92
2026-08-29,Database,ap-south-1,41485.16,1620810.82
2026-08-30,Networking,us-east-1,1142218.86,1625293.82
2026-08-31,Ai,ap-south-1,30761.88,430.75
2026-08-31,Compute,us-east-1,14296.82,9437.4
2026-08-31,Database,ap-south-1,24347.9,26415.6
2026-08-31,Networking,ap-south-1,6023.49,1062216.0
2026-08-31,Networking,us-east-1,9456.79,23909.89
2026-09-01,Ai,ap-south-1,16147.12,16354.8
2026-09-01,Compute,us-east-1,6057.78,62.65
2026-09-01,Storage,us-east-1,45792.67,1959156.0
2026-09-02,Compute,us-east-1,0.0,54.81
2026-09-02,Database,us-east-1,0.0,27416.4
2026-09-02,Networking,us-east-1,0.0,404.82
2026-09-03,Ai,us-east-1,41797.79,1827007.27
2026-09-03,Database,us-east-1,495.53,30757.430000000004
2026-09-03,Storage,ap-south-1,4371.77,95.21
2026-09-03,Storage,us-east-1,83866.13,2548400.4
2026-09-04,Ai,us-east-1,0.0,66.9
2026-09-04,Compute,ap-south-1,12067.8,655200.0
2026-09-04,Compute,us-east-1,94566.02,1226716.2
2026-09-04,Database,ap-south-1,0.0,28872.6
2026-09-04,Database,us-east-1,0.0,1071549.6
2026-09-04,Networking,ap-south-1,4876.51,54.85
2026-09-04,Networking,us-east-1,8497.12,1238925.6
2026-09-04,Storage,ap-south-1,0.0,244836.00000000003
2026-09-04,Storage,us-east-1,67590.83,1647900.0
2026-09-05,Ai,ap-south-1,27705.05,912168.0
2026-09-05,Ai,us-east-1,0.0,468.13
2026-09-05,Compute,ap-south-1,0.0,1409544.0
2026-09-05,Storage,us-east-1,0.0,6542316.0
2026-09-06,Ai,us-east-1,10031.08,17381.4
2026-09-06,Compute,ap-south-1,0.0,1451.74
2026-09-06,Compute,us-east-1,52803.6,1663812.0
2026-09-06,Database,ap-south-1,0.0,1592246.3
2026-09-06,Networking,us-east-1,3325.18,1026654.0
2026-09-06,Storage,ap-south-1,0.0,23493.0
2026-09-06,Storage,us-east-1,42428.36,26811.6
2026-09-07,Ai,ap-south-1,0.0,212.86
2026-09-07,Ai,us-east-1,0.0,24731.4
2026-09-07,Compute,us-east-1,0.0,1460412.0
2026-09-07,Storage,ap-south-1,34116.31,456.96
2026-09-08,Compute,us-east-1,47580.66,28005.0
2026-09-08,Database,us-east-1,24645.88,830301.71
2026-09-08,Storage,ap-south-1,0.0,410.7
2026-09-08,Storage,us-east-1,0.0,60.59
2026-09-09,Ai,ap-south-1,0.0,1373400.0
2026-09-09,Ai,us-east-1,36455.04,815.47
2026-09-09,Networking,ap-south-1,0.0,1141164.0
2026-09-09,Networking,us-east-1,0.0,1733292.0
2026-09-10,Ai,us-east-1,41274.02,1805461.8
2026-09-10,Compute,ap-south-1,58524.52,477.87
2026-09-10,Compute,us-east-1,0.0,1088856.0
2026-09-10,Database,us-east-1,48197.51,25556.4
2026-09-10,Networking,ap-south-1,65735.31,4881.55
2026-09-10,Networking,us-east-1,37583.23,19065.0
2026-09-10,Storage,ap-south-1,30482.0,905796.0
2026-09-11,Ai,ap-south-1,50008.16,22744.8
2026-09-11,Ai,us-east-1,927.52,899.46
2026-09-11,Compute,ap-south-1,73380.51,1674360.0
2026-09-11,Database,ap-south-1,5114.71,73.88
2026-09-11,Networking,us-east-1,41963.56,352.27
2026-09-12,Compute,us-east-1,0.0,298.81
2026-09-12,Database,ap-south-1,14634.64,721157.4
2026-09-12,Networking,us-east-1,0.0,37116.0
2026-09-12,Storage,ap-south-1,22434.44,11268.0
2026-09-12,Storage,us-east-1,0.0,488.13
2026-09-13,Ai,us-east-1,0.0,21137.4
2026-09-13,Compute,ap-south-1,0.0,181.85
2026-09-13,Compute,us-east-1,0.0,238554.0
2026-09-13,Database,ap-south-1,0.0,29945.84
2026-09-13,Database,us-east-1,49652.04,1658772.0
2026-09-13,Storage,ap-south-1,0.0,17794.8
2026-09-13,Storage,us-east-1,0.0,203.47
2026-09-14,Ai,us-east-1,0.0,173772.0
2026-09-14,Compute,ap-south-1,0.0,2400.0
2026-09-14,Compute,us-east-1,0.0,54335.09
2026-09-14,Networking,ap-south-1,0.0,131.47
2026-09-14,Networking,us-east-1,0.0,614116.83
2026-09-14,Storage,us-east-1,10704.36,13722.0
2026-09-15,Ai,us-east-1,0.0,555120.0
2026-09-15,Compute,ap-south-1,0.0,1152468.0
2026-09-15,Compute,us-east-1,13663.08,353.57
2026-09-16,Ai,us-east-1,16481.9,303.88
2026-09-16,Database,us-east-1,0.0,1075428.0
2026-09-16,Networking,ap-south-1,0.0,2078.2900000000004
2026-09-16,Networking,us-east-1,5146.15,1543459.8
2026-09-17,Ai,ap-south-1,0.0,444.84
2026-09-17,Networking,us-east-1,21245.63,479592.0
2026-09-18,Ai,us-east-1,17694.21,539601.0
2026-09-18,Compute,us-east-1,0.0,104.56
2026-09-18,Database,us-east-1,54895.19,624451.93
2026-09-18,Networking,ap-south-1,0.0,371952.0
2026-09-18,Networking,us-east-1,0.0,433.99
2026-09-18,Storage,ap-south-1,0.0,50.15
2026-09-18,Storage,us-east-1,0.0,163773.0
2026-09-19,Ai,us-east-1,0.0,1746360.0
2026-09-19,Compute,us-east-1,0.0,1418220.0
2026-09-19,Networking,ap-south-1,26331.56,29853.0
2026-09-19,Networking,us-east-1,8458.34,209.58
2026-09-19,Storage,ap-south-1,0.0,407.3
2026-09-19,Storage,us-east-1,12912.09,545703.0
2026-09-20,Database,ap-south-1,0.0,835884.0
2026-09-20,Database,us-east-1,4193.81,130644.0
2026-09-21,Ai,ap-south-1,1615.15,14.42
2026-09-21,Compute,ap-south-1,1495308.91,35659730.4
2026-09-21,Compute,us-east-1,18029.49,793044.0
2026-09-21,Database,ap-south-1,0.0,215.63
2026-09-21,Database,us-east-1,0.0,1409760.0
2026-09-21,Networking,us-east-1,37599.77,1307457.25
2026-09-21,Storage,ap-south-1,15035.29,631565.4
2026-09-22,Ai,us-east-1,47379.61,1659132.0
2026-09-22,Compute,us-east-1,2020.63,31.86
2026-09-22,Database,us-east-1,5122.06,2119.2
2026-09-22,Networking,us-east-1,23809.97,349.72
2026-09-23,Ai,ap-south-1,19491.94,325.78
2026-09-23,Ai,us-east-1,0.0,314.40000000000003
2026-09-23,Database,ap-south-1,2456.48,303.42
2026-09-23,Database,us-east-1,0.0,15.92
2026-09-23,Networking,us-east-1,17890.52,292318.17
2026-09-24,Networking,ap-south-1,0.0,308772.0
2026-09-24,Storage,us-east-1,34515.6,18418.77
2026-09-25,Ai,ap-south-1,0.0,28967.4
2026-09-25,Ai,us-east-1,0.0,10907.4
2026-09-25,Compute,us-east-1,8904.45,36202.2
2026-09-25,Database,ap-south-1,32883.48,20751.6
2026-09-25,Database,us-east-1,15769.63,838921.8
2026-09-25,Storage,ap-south-1,6783.16,12853.2
2026-09-25,Storage,us-east-1,20832.6,1605874.19
2026-09-26,Ai,us-east-1,7284.9,22009.2
2026-09-26,Compute,ap-south-1,4830.02,6208.8
2026-09-26,Compute,us-east-1,32793.74,190.7
2026-09-26,Networking,ap-south-1,0.0,9935.4
2026-09-26,Networking,us-east-1,15762.380000000001,449522.4
2026-09-27,Ai,us-east-1,64504.83,1308386.04
2026-09-27,Storage,ap-south-1,0.0,22777.8
2026-09-28,Ai,us-east-1,29345.67,3248352.0
2026-09-28,Compute,us-east-1,0.0,43.69
2026-09-28,Database,us-east-1,9046.42,307716.79
2026-09-28,Networking,ap-south-1,10975.95,504072.00000000006
2026-09-28,Networking,us-east-1,94433.64,1815793.93
2026-09-28,Storage,ap-south-1,2226.76,109260.0
2026-09-28,Storage,us-east-1,0.0,2232231.76
2026-09-29,Compute,ap-south-1,0.0,45298.2
2026-09-29,Compute,us-east-1,0.0,9097.2
2026-09-29,Database,us-east-1,13522.38,28198.980000000003
2026-09-29,Storage,ap-south-1,0.0,106.64
2026-09-30,Ai,us-east-1,30357.01,476.31
2026-09-30,Networking,ap-south-1,59435.04,370.99
2026-09-30,Networking,us-east-1,16817.21,15759.600000000002
2026-10-01,Ai,us-east-1,78252.26,469.37
2026-10-01,Compute,us-east-1,9037.01,847764.0
2026-10-01,Database,ap-south-1,41721.0,1437048.0
2026-10-01,Networking,ap-south-1,43709.62,27736.8
2026-10-01,Networking,us-east-1,49149.27,318.58
2026-10-01,Storage,ap-south-1,6984.05,7305.6
2026-10-01,Storage,us-east-1,70706.08,29460.0
2026-10-02,Storage,us-east-1,7171.13,139.27
2026-10-03,Ai,us-east-1,60791.229999999996,1671172.2
2026-10-03,Compute,us-east-1,0.0,1143.6
2026-10-03,Database,us-east-1,0.0,854280.0
2026-10-03,Networking,ap-south-1,0.0,344.37
2026-10-03,Storage,ap-south-1,0.0,348.09
2026-10-03,Storage,us-east-1,0.0,878868.0
2026-10-04,Database,us-east-1,4963.24,1042809.0
2026-10-04,Networking,ap-south-1,24796.4,325.83
2026-10-04,Networking,us-east-1,0.0,485.29
2026-10-04,Storage,ap-south-1,0.0,495.28
2026-10-04,Storage,us-east-1,0.0,8800.2
2026-10-05,Compute,ap-south-1,9423.63,289.41
2026-10-05,Compute,us-east-1,35537.59,17430.110000000004
2026-10-05,Networking,ap-south-1,109001.75,732.99
2026-10-05,Networking,us-east-1,11800.25,1041525.0
2026-10-05,Storage,ap-south-1,0.0,607102.16
2026-10-05,Storage,us-east-1,21993.06,26487.0
2026-10-06,Ai,us-east-1,14163.45,357.34
2026-10-06,Compute,us-east-1,38326.72,1483525.93
2026-10-06,Database,us-east-1,19216.9,296.48
2026-10-07,Ai,ap-south-1,0.0,4878.0
2026-10-07,Ai,us-east-1,0.0,242748.00000000003
2026-10-07,Compute,ap-south-1,21256.4,14391.6
2026-10-07,Compute,us-east-1,0.0,1096615.2
2026-10-07,Networking,ap-south-1,9961.22,4571.4
2026-10-07,Storage,ap-south-1,286796.36,555693.6
2026-10-07,Storage,us-east-1,4792.49,1687752.0
2026-10-08,Ai,ap-south-1,18229.83,369.0
2026-10-08,Ai,us-east-1,6893.44,184608.0
2026-10-08,Database,ap-south-1,0.0,1125504.0
2026-10-08,Networking,ap-south-1,0.0,1408788.0
2026-10-08,Networking,us-east-1,73092.91,837633.6
2026-10-08,Storage,ap-south-1,6942.09,4386.6
2026-10-08,Storage,us-east-1,23864.86,2877696.0
2026-10-09,Ai,ap-south-1,39895.049999999996,1280891.92
2026-10-09,Ai,us-east-1,14589.0,873684.0
2026-10-09,Compute,us-east-1,1962.42,2882.4
2026-10-09,Database,us-east-1,6163.92,416628.0
2026-10-09,Networking,us-east-1,0.0,19315.8
2026-10-10,Storage,ap-south-1,0.0,187.38
2026-10-10,Storage,us-east-1,0.0,776120.4
2026-10-11,Database,ap-south-1,15546.51,1032192.0
2026-10-11,Database,us-east-1,565469.7,25840188.0
2026-10-11,Networking,us-east-1,30234.19,13767.01
2026-10-11,Storage,us-east-1,4433.02,7904.889999999999
2026-10-12,Ai,ap-south-1,17604.14,10189.8
2026-10-12,Compute,us-east-1,7658.63,1386468.0
2026-10-12,Database,ap-south-1,30251.51,20148.0
2026-10-12,Database,us-east-1,9978.96,13397.92
2026-10-12,Networking,us-east-1,52102.53,277445.28
2026-10-12,Storage,us-east-1,689266.89,1414568.94
2026-10-13,Networking,us-east-1,0.0,17689.0
2026-10-13,Storage,ap-south-1,0.0,73.72
2026-10-13,Storage,us-east-1,23453.760000000002,1082572.8
2026-10-14,Ai,us-east-1,102717.01000000001,1569646.2
2026-10-14,Compute,ap-south-1,0.0,12575.4
2026-10-14,Compute,us-east-1,20420.21,410.56
2026-10-14,Database,ap-south-1,0.0,1396.2
2026-10-14,Database,us-east-1,0.0,1456272.0
2026-10-14,Networking,us-east-1,0.0,86.8
2026-10-14,Storage,us-east-1,0.0,31643.999999999996
2026-10-15,Ai,us-east-1,33017.21,14941.699999999999
2026-10-15,Compute,us-east-1,7475.65,785088.0
2026-10-15,Database,ap-south-1,31021.72,17105.399999999998
2026-10-15,Database,us-east-1,84602.59,1526264.71
2026-10-15,Networking,ap-south-1,42326.18,44611.2
2026-10-15,Networking,us-east-1,431.97,15.25
2026-10-16,Ai,ap-south-1,14820.16,263.76
2026-10-16,Database,us-east-1,6138.75,267120.0
2026-10-16,Networking,ap-south-1,15046.42,11885.4
2026-10-16,Storage,us-east-1,0.0,1250340.0
2026-10-17,Compute,us-east-1,32276.27,1101708.0
2026-10-17,Database,us-east-1,2316.42,8119.800000000001
2026-10-17,Storage,ap-south-1,0.0,5032.33
2026-10-17,Storage,us-east-1,17501.01,481.26
2026-10-18,Ai,us-east-1,56852.74,1371348.0
2026-10-18,Compute,us-east-1,0.0,23744.35
2026-10-18,Database,ap-south-1,7461.01,269.87
2026-10-18,Networking,us-east-1,24099.85,491.89
2026-10-18,Storage,us-east-1,11656.650000000001,274326.0
2026-10-19,Ai,ap-south-1,0.0,9528.6
2026-10-19,Ai,us-east-1,16509.62,11632.2
2026-10-19,Compute,ap-south-1,19579.89,12798.0
2026-10-19,Database,ap-south-1,1237.46,3775.8
2026-10-19,Storage,ap-south-1,12367.419999999998,225041.09
2026-10-19,Storage,us-east-1,0.0,712.6
2026-10-20,Ai,us-east-1,0.0,1777470.0
2026-10-20,Compute,us-east-1,36458.98,14493.0
2026-10-20,Database,ap-south-1,19067.95,195.83
2026-10-20,Database,us-east-1,0.0,1081.8000000000002
2026-10-20,Networking,ap-south-1,0.0,206316.0
2026-10-20,Networking,us-east-1,49718.66,1817532.0
2026-10-20,Storage,ap-south-1,2237.54,281772.0
2026-10-20,Storage,us-east-1,70759.51,1786293.6
2026-10-21,Ai,us-east-1,42898.590000000004,964251.0
2026-10-21,Compute,us-east-1,0.0,5273.89
2026-10-22,Ai,us-east-1,47810.35,1145340.0
2026-10-22,Compute,us-east-1,0.0,17782.2
2026-10-22,Database,us-east-1,14123.95,500903.99999999994
2026-10-22,Networking,ap-south-1,0.0,560340.0
2026-10-22,Networking,us-east-1,41423.68,44351.67
2026-10-22,Storage,ap-south-1,45958.98,1348776.0
2026-10-23,Compute,ap-south-1,30592.15,499.46
2026-10-23,Networking,us-east-1,11417.74,402245.4
2026-10-24,Ai,ap-south-1,624087.49,7040770.24
2026-10-24,Compute,us-east-1,0.0,17231.4
2026-10-24,Database,ap-south-1,25766.61,783.15
2026-10-24,Database,us-east-1,0.0,74.65
2026-10-24,Storage,ap-south-1,42113.88,22023.0
2026-10-25,Ai,us-east-1,29571.26,15600.679999999998
2026-10-25,Compute,ap-south-1,0.0,29248.800000000003
2026-10-25,Compute,us-east-1,12041.33,598932.0
2026-10-25,Database,us-east-1,0.0,1575144.0
2026-10-25,Networking,ap-south-1,0.0,1290096.0
2026-10-25,Networking,us-east-1,30754.4,266.92
2026-10-25,Storage,ap-south-1,5730.21,2562.0
2026-10-25,Storage,us-east-1,13266.21,746083.8
2026-10-26,Ai,us-east-1,4325.8,44.36
2026-10-26,Compute,us-east-1,0.0,841.1999999999999
2026-10-26,Networking,ap-south-1,51645.61,25986.0
2026-10-26,Storage,us-east-1,34005.51,6617.38
2026-10-27,Ai,ap-south-1,8055.27,4552.799999999999
2026-10-27,Storage,ap-south-1,4874.67,11696.4
2026-10-28,Ai,us-east-1,0.0,417.32000000000005
2026-10-28,Compute,us-east-1,0.0,750312.0
2026-10-28,Database,ap-south-1,0.0,216.96
2026-10-28,Networking,ap-south-1,0.0,13584.6
2026-10-28,Storage,us-east-1,33793.93,1529424.0
2026-10-29,Compute,ap-south-1,0.0,1713240.0
2026-10-29,Database,ap-south-1,35594.95,470.64
2026-10-29,Networking,us-east-1,98003.09,16611047.999999998
2026-10-30,Ai,ap-south-1,0.0,623160.0
2026-10-30,Networking,ap-south-1,0.0,3781.8
2026-10-30,Storage,ap-south-1,10119.23,277.58
2026-10-30,Storage,us-east-1,0.0,4964.4
2026-10-31,Ai,us-east-1,0.0,471.8
2026-10-31,Compute,us-east-1,0.0,564300.0
2026-10-31,Database,ap-south-1,0.0,17725.2
2026-10-31,Database,us-east-1,39133.34,1400400.0
2026-10-31,Networking,ap-south-1,0.0,15122.4
2026-10-31,Networking,us-east-1,0.0,430596.0
2026-11-01,Ai,ap-south-1,41994.25,3090400.78
2026-11-01,Compute,ap-south-1,0.0,525.58
2026-11-01,Database,us-east-1,2357.71,366725.4
2026-11-01,Storage,us-east-1,9467.64,325296.0
2026-11-02,Ai,us-east-1,0.0,27155.4
2026-11-02,Compute,ap-south-1,0.0,1418224.5
2026-11-02,Compute,us-east-1,4709.36,566100.0
2026-11-02,Storage,ap-south-1,0.0,612261.99
2026-11-02,Storage,us-east-1,124618.88,9114.81
2026-11-03,Database,us-east-1,27457.329999999998,331267.35
2026-11-03,Networking,us-east-1,45077.47,23282.4
2026-11-03,Storage,us-east-1,10783.57,10833.0
2026-11-04,Ai,us-east-1,0.0,16834.8
2026-11-04,Compute,us-east-1,0.0,2500.2000000000003
2026-11-04,Networking,ap-south-1,1191.6,8.58
2026-11-04,Networking,us-east-1,0.0,7454.4
2026-11-04,Storage,ap-south-1,0.0,16781.4
2026-11-05,Compute,us-east-1,2909.99,239688.0
2026-11-05,Database,us-east-1,45893.44,34075.2
2026-11-05,Networking,us-east-1,0.0,21076.41
2026-11-05,Storage,ap-south-1,0.0,488124.0
2026-11-06,Compute,ap-south-1,55303.82,34542.0
2026-11-06,Compute,us-east-1,0.0,1539324.0
2026-11-06,Database,ap-south-1,19092.42,22125508.8
2026-11-06,Database,us-east-1,36183.55,824471.4099999999
2026-11-06,Storage,ap-south-1,0.0,10717.8
2026-11-07,Ai,ap-south-1,754582.11,410429.4
2026-11-07,Ai,us-east-1,45852.76,1617103.19
2026-11-07,Compute,ap-south-1,353056.36,5859.41
2026-11-07,Database,us-east-1,12700.66,5071.2
2026-11-07,Networking,ap-south-1,17291.1,1483530.41
2026-11-08,Ai,ap-south-1,0.0,112.98
2026-11-08,Compute,us-east-1,51529.78,22300.8
2026-11-08,Storage,ap-south-1,0.0,958392.0
2026-11-08,Storage,us-east-1,8967.16,493668.0
2026-11-09,Ai,us-east-1,25800.41,6124.26
2026-11-09,Compute,ap-south-1,0.0,635400.0
2026-11-09,Compute,us-east-1,11443.37,1012599.6
2026-11-09,Database,ap-south-1,0.0,279.8
2026-11-09,Database,us-east-1,54214.35,451.66
2026-11-09,Storage,us-east-1,27399.4,12375.619999999999
2026-11-10,Ai,ap-south-1,348516.93000000005,15358888.610000001
2026-11-10,Ai,us-east-1,29667.21,24372.0
2026-11-10,Compute,ap-south-1,28050.29,2250256.84
2026-11-10,Networking,ap-south-1,0.0,29463.6
2026-11-10,Storage,ap-south-1,0.0,8717.15
2026-11-11,Ai,us-east-1,0.0,995514.01
2026-11-11,Compute,us-east-1,55295.89,1321867.2
2026-11-11,Networking,us-east-1,9189.66,743544.0
2026-11-11,Storage,us-east-1,59563.92,1464228.0
2026-11-12,Ai,ap-south-1,0.0,164.34
2026-11-12,Ai,us-east-1,15058.33,794676.56
2026-11-12,Compute,ap-south-1,0.0,45.99
2026-11-12,Compute,us-east-1,33955.54,1259604.0
2026-11-12,Database,ap-south-1,2033.67,5953.2
2026-11-12,Networking,us-east-1,61980.78,1527952.91
2026-11-12,Storage,ap-south-1,8377.74,292.38
2026-11-13,Ai,us-east-1,7703.14,184680.0
2026-11-13,Compute,us-east-1,32016.88,2077980.7999999998
2026-11-13,Database,us-east-1,0.0,20634.6
2026-11-13,Networking,us-east-1,8278.04,335626.88
2026-11-13,Storage,ap-south-1,30677.04,315.0
2026-11-14,Ai,us-east-1,13238.93,333140.4
2026-11-14,Compute,us-east-1,28106.14,1396584.0
2026-11-14,Database,us-east-1,29644.43,290.09
2026-11-14,Networking,us-east-1,29431.82,125099.17
2026-11-14,Storage,ap-south-1,12105.1,8566.8
2026-11-14,Storage,us-east-1,0.0,930276.0
2026-11-15,Ai,ap-south-1,0.0,388.98
2026-11-15,Ai,us-east-1,0.0,658.78
2026-11-15,Compute,ap-south-1,53463.65,331.03
2026-11-15,Database,us-east-1,8951.02,408034.64999999997
2026-11-15,Storage,us-east-1,101846.99,1938.29
2026-11-16,Ai,us-east-1,0.0,21314.4
2026-11-16,Compute,us-east-1,26598.12,423693.78
2026-11-16,Database,ap-south-1,0.0,35.99
2026-11-16,Database,us-east-1,13925.01,28668.01
2026-11-16,Networking,ap-south-1,21500.95,391164.56
2026-11-16,Networking,us-east-1,68377.73000000001,1339177.97
2026-11-17,Ai,us-east-1,0.0,33375.600000000006
2026-11-17,Compute,us-east-1,0.0,13814748.0
2026-11-17,Database,ap-south-1,0.0,34.69
2026-11-17,Database,us-east-1,40653.130000000005,1999530.74
2026-11-17,Networking,ap-south-1,0.0,654228.0
2026-11-17,Networking,us-east-1,4555.45,2461.8
2026-11-17,Storage,ap-south-1,0.0,471.81
2026-11-17,Storage,us-east-1,0.0,29169.0
2026-11-18,Compute,ap-south-1,54501.56,2537280.0
2026-11-18,Compute,us-east-1,15658.88,13013.4
2026-11-18,Database,ap-south-1,0.0,221040.0
2026-11-18,Database,us-east-1,10640.67,6747.0
2026-11-18,Storage,ap-south-1,15392.56,231155.1
2026-11-18,Storage,us-east-1,0.0,21103.800000000003
2026-11-19,Ai,ap-south-1,0.0,24522.600000000002
2026-11-19,Ai,us-east-1,0.0,13777.8
2026-11-19,Compute,ap-south-1,0.0,216.19
2026-11-19,Compute,us-east-1,0.0,288.36
2026-11-19,Database,us-east-1,5377.14,300204.0
2026-11-19,Networking,ap-south-1,63118.200000000004,622806.64
2026-11-19,Networking,us-east-1,7578.39,3767.7200000000003
2026-11-20,Ai,us-east-1,62826.83,1511479.94
2026-11-20,Compute,ap-south-1,0.0,1512396.0
2026-11-20,Compute,us-east-1,15636.15,18288.6
2026-11-20,Networking,ap-south-1,28005.41,428413.15
2026-11-20,Networking,us-east-1,4833.82,1876390.17
2026-11-20,Storage,ap-south-1,0.0,361620.0
2026-11-21,Ai,ap-south-1,0.0,37.68
2026-11-21,Ai,us-east-1,118620.79000000001,7025370.13
2026-11-21,Networking,ap-south-1,8736.43,297540.0
2026-11-21,Storage,us-east-1,8740.26,1334801.8699999999
2026-11-22,Ai,ap-south-1,0.0,1383480.0
2026-11-22,Ai,us-east-1,17433.29,21067.8
2026-11-22,Compute,ap-south-1,0.0,147.11
2026-11-22,Compute,us-east-1,0.0,841.1999999999999
2026-11-22,Database,us-east-1,0.0,445.94
2026-11-22,Networking,ap-south-1,4407.6,3769.8
2026-11-22,Storage,ap-south-1,0.0,255.24
2026-11-23,Ai,us-east-1,42778.25,1294524.0
2026-11-23,Compute,us-east-1,50749.07,2899734.0
2026-11-23,Database,ap-south-1,0.0,189.03
2026-11-23,Database,us-east-1,4207.31,21366.6
2026-11-23,Networking,ap-south-1,27237.53,9655.37
2026-11-23,Storage,us-east-1,26533.86,2874708.0
2026-11-24,Ai,ap-south-1,8283.88,2081916.0
2026-11-24,Ai,us-east-1,51816.0,45828.0
2026-11-24,Compute,ap-south-1,0.0,1007919.0
2026-11-25,Ai,ap-south-1,0.0,1764324.0
2026-11-25,Ai,us-east-1,0.0,29705.02
2026-11-25,Compute,ap-south-1,0.0,1256544.0
2026-11-25,Compute,us-east-1,0.0,276.77
2026-11-25,Database,ap-south-1,95008.56,1709224.2
2026-11-25,Database,us-east-1,40734.51,1021320.0
2026-11-25,Networking,us-east-1,7920.77,704016.0
2026-11-25,Storage,us-east-1,32789.82,836395.8
2026-11-26,Ai,ap-south-1,28702.72,839160.0
2026-11-26,Ai,us-east-1,32956.57,426.21
2026-11-26,Compute,us-east-1,41238.73,1217746.8
2026-11-26,Database,us-east-1,20482.68,1723501.93
2026-11-26,Networking,ap-south-1,26653.71,23941.199999999997
2026-11-26,Networking,us-east-1,0.0,490068.0
2026-11-26,Storage,us-east-1,0.0,26283.0
2026-11-27,Ai,us-east-1,0.0,37122.600000000006
2026-11-27,Compute,us-east-1,26069.7,13015.8
2026-11-27,Database,us-east-1,0.0,759780.0
2026-11-27,Networking,ap-south-1,55633.59,27068.4
2026-11-27,Storage,ap-south-1,28667.43,748705.2
2026-11-28,Ai,us-east-1,508.88,8.8
2026-11-28,Storage,us-east-1,0.0,20418.0
2026-11-29,Ai,ap-south-1,0.0,485.48
2026-11-29,Database,us-east-1,10279.28,24489.0
2026-11-30,Ai,ap-south-1,0.0,29455.8
2026-11-30,Ai,us-east-1,4290.53,2123856.0
2026-11-30,Compute,us-east-1,0.0,414.88
2026-12-01,Ai,ap-south-1,25879.42,27861.6
2026-12-01,Compute,ap-south-1,0.0,212.33
2026-12-01,Compute,us-east-1,48985.53,1240192.76
2026-12-01,Database,us-east-1,47583.05,1542308.99
2026-12-01,Networking,ap-south-1,28379.48,498.52
2026-12-01,Networking,us-east-1,5380.03,387792.0
2026-12-02,Ai,ap-south-1,28975.95,1702260.0
2026-12-02,Ai,us-east-1,35772.99,177050.4
2026-12-02,Compute,ap-south-1,127746.25,31758.76
2026-12-02,Compute,us-east-1,0.0,17070.6
2026-12-02,Networking,ap-south-1,4353.1,132120.0
2026-12-02,Networking,us-east-1,6259.61,92.17
2026-12-02,Storage,us-east-1,17657.31,481.42
2026-12-03,Ai,us-east-1,10322.45,1472487.6
2026-12-03,Database,us-east-1,0.0,430.24
2026-12-03,Networking,us-east-1,22845.27,1658469.0
2026-12-04,Compute,us-east-1,43496.98,28829.399999999998
2026-12-04,Database,ap-south-1,0.0,95.72
2026-12-04,Database,us-east-1,0.0,993550.2
2026-12-05,Compute,us-east-1,15995.69,45852.0
2026-12-05,Database,ap-south-1,11608.75,514.53
2026-12-05,Database,us-east-1,26131.13,12095.4
2026-12-05,Networking,us-east-1,0.0,279.41
2026-12-05,Storage,us-east-1,0.0,565740.0
2026-12-06,Ai,us-east-1,6333.1,18745.45
2026-12-06,Compute,ap-south-1,9672.9,4911.6
2026-12-06,Compute,us-east-1,0.0,191124.0
2026-12-06,Networking,us-east-1,30273.94,1668888.0
2026-12-07,Ai,ap-south-1,6379.78,61.21
2026-12-07,Ai,us-east-1,0.0,25668.0
2026-12-07,Database,ap-south-1,9088.1,726300.0
2026-12-07,Database,us-east-1,0.0,376.39
2026-12-07,Networking,ap-south-1,0.0,309.54
2026-12-07,Networking,us-east-1,25883.26,233.52
2026-12-07,Storage,ap-south-1,10620.04,939132.0
2026-12-07,Storage,us-east-1,0.0,2.52
2026-12-08,Ai,ap-south-1,0.0,23429.4
2026-12-08,Ai,us-east-1,28559.52,13316.4
2026-12-08,Compute,us-east-1,0.0,22162730.59
2026-12-08,Database,us-east-1,746.81,2133.0
2026-12-08,Storage,ap-south-1,0.0,11912.4
2026-12-08,Storage,us-east-1,40175.95,22342.2
2026-12-09,Ai,us-east-1,0.0,1568412.0
2026-12-09,Compute,ap-south-1,0.0,837612.0
2026-12-09,Compute,us-east-1,42590.65,20312.76
2026-12-09,Networking,us-east-1,66683.43,385326.85000000003
2026-12-09,Storage,ap-south-1,31573.34,694300.99
2026-12-09,Storage,us-east-1,0.0,362.05
2026-12-10,Ai,us-east-1,21192.21,1784263.8
2026-12-10,Database,us-east-1,47337.84,24920.4
2026-12-10,Networking,us-east-1,11786.08,927315.0
2026-12-10,Storage,ap-south-1,7109.53,1486728.0
2026-12-10,Storage,us-east-1,0.0,10166.4
2026-12-11,Ai,ap-south-1,18610.64,47049.0
2026-12-11,Ai,us-east-1,0.0,1321668.0
2026-12-11,Compute,ap-south-1,0.0,1007568.0
2026-12-11,Database,ap-south-1,0.0,487.8
2026-12-11,Networking,us-east-1,60943.14,24669.6
2026-12-11,Storage,us-east-1,609392.6499999999,347334.82
2026-12-12,Compute,ap-south-1,11704.53,473796.00000000006
2026-12-12,Compute,us-east-1,0.0,1012248.0
2026-12-12,Database,us-east-1,25691.05,339.7
2026-12-12,Networking,us-east-1,95895.05,858788.38
2026-12-12,Storage,ap-south-1,0.0,403.59
2026-12-12,Storage,us-east-1,38279.880000000005,14220.949999999999
2026-12-13,Ai,ap-south-1,53492.979999999996,28478.94
2026-12-13,Compute,us-east-1,67590.61,1754012.4
2026-12-13,Database,ap-south-1,35671.47,1249236.0
2026-12-13,Database,us-east-1,0.0,1209628.2
2026-12-13,Networking,us-east-1,65126.909999999996,3176892.0
2026-12-13,Storage,us-east-1,33295.68,22734.480000000003
2026-12-14,Ai,us-east-1,0.0,1600092.0
2026-12-14,Storage,us-east-1,31179.66,20683.800000000003
